,station_name,latlng
0,捷運橋頭火車站,"22.75931,120.30988"
1,高雄高商(五褔二路),"22.62546,120.30784"
2,澄清湖,"22.65331,120.34949"
3,察哈爾街口,"22.64692,120.29658"
4,臺鐵鳳山站,"22.63155,120.35767"
5,下勤和,"23.16805,120.7756"
6,衛武社區,"22.62695,120.34431"
7,美術館(明誠四路),"22.66205,120.28635"
8,五福民權路口(高雄高商),"22.62615,120.31039"
9,安東街口(十全二路),"22.64599,120.29533"
10,中央圓環,"22.72192,120.30482"
11,明正國小(捷運草衙站),"22.58118,120.3277"
12,文學院,"22.63374,120.26131"
13,中鴻鋼鐵(岡山),"22.82472,120.29884"
14,臺鐵正義站(澄清路),"22.63416,120.34456"
15,重和路口,"22.68218,120.3142"
16,中賢里,"22.90801,120.20602"
17,中興(新發公路),"22.99612,120.64309"
18,育德街口,"22.81186,120.28008"
19,四維國小(民權一路),"22.62274,120.31216"
20,輕軌凱旋公園站(中正一路),"22.62996,120.32408"
21,茄萣站,"22.86876,120.19884"
22,五福中正路口,"22.62973,120.32064"
23,木業公司(六龜),"23.00046,120.64495"
24,大寮農會,"22.60159,120.39788"
25,美崙山,"23.06753,120.68565"
26,中崙一路,"22.6009,120.35051"
27,衛武營都會公園(南京路),"22.61798,120.34572"
28,必勝路,"22.67543,120.284"
29,復華中學,"22.6205,120.31417"
30,鳳山行政中心(澄清路),"22.63032,120.34451"
31,正義高中,"22.60113,120.34013"
32,捷運楠梓加工區站,"22.71835,120.30649"
33,先鋒路,"22.67865,120.28271"
34,金屬中心,"22.71441,120.32599"
35,監理所(高楠路),"22.73266,120.32024"
36,成功南路,"22.7506,120.31406"
37,新庄(新莊路),"22.74556,120.30183"
38,高雄車站(中山路),"22.63682,120.30221"
39,鳳南路口,"22.59217,120.3404"
40,濟天宮(國慶六街),"22.58758,120.33797"
41,六龜新站(親水公園),"23.00615,120.64858"
42,灣子內(岡山),"22.80953,120.28278"
43,北嶺墘,"22.82115,120.26947"
44,味全公司,"22.82728,120.26658"
45,立大食品廠,"22.83649,120.26476"
46,鳳鳴國小,"22.51528,120.35778"
47,東盟公司,"22.84868,120.26247"
48,南路竹,"22.85523,120.26117"
49,路竹,"22.859,120.26014"
50,北路竹,"22.86303,120.25795"
51,國際商工(輕軌五權國小站),"22.62103,120.32644"
52,高新醫院,"22.86554,120.25679"
53,中山大仁路口,"22.87349,120.25422"
54,大湖火車站,"22.87771,120.25243"
55,橡膠廠,"22.59477,120.28243"
56,烏松,"22.59842,120.28018"
57,南勢巷站,"22.77639,120.41319"
58,台農飼料廠,"22.8982,120.23618"
59,牛蹄寮(富樂夢觀光工廠),"22.90227,120.2319"
60,太爺(湖內國中),"22.90895,120.22739"
61,嘉南藥理大學,"22.92101,120.22506"
62,三信家商,"22.62199,120.32926"
63,保安里,"22.92356,120.22375"
64,橋頭市場,"22.75525,120.31129"
65,台糖花卉中心,"22.74092,120.3251"
66,牛稠仔,"22.95366,120.21774"
67,二空新村,"22.96123,120.21711"
68,空軍醫院,"22.96553,120.21644"
69,大同巷,"22.96871,120.21598"
70,大林(大同路二段),"22.97461,120.21436"
71,大同路,"22.97678,120.2139"
72,南台南,"22.98133,120.21137"
73,五塊厝(三多一路),"22.62288,120.33177"
74,健康路,"22.98132,120.20664"
75,南門路,"22.98166,120.20374"
76,府前路口,"22.98814,120.20462"
77,忠義路,"22.99063,120.20264"
78,西門路二段,"22.99521,120.1993"
79,西門路三段,"22.99929,120.20108"
80,成功路(台南),"22.99848,120.20452"
81,台南火車站,"22.99746,120.21003"
82,頂烏松,"22.59842,120.28018"
83,中洲三路,"22.60182,120.27692"
84,自由路(被服廠),"22.62499,120.34559"
85,鳳鳴里,"22.51372,120.35934"
86,七賢二路,"22.63478,120.30078"
87,捷運都會公園站,"22.7301,120.32063"
88,民族裕誠路口,"22.6649,120.31636"
89,民族派出所,"22.64806,120.31707"
90,捷運技擊館站,"22.62754,120.33421"
91,逢甲路,"22.67073,120.48786"
92,屏東電信局,"22.67062,120.48966"
93,自由路(建華一街口),"22.66687,120.48669"
94,勞工處,"22.66506,120.48213"
95,自由市場,"22.62569,120.35103"
96,大同國小,"22.66535,120.47653"
97,青果社,"22.66144,120.46975"
98,建國路,"22.65835,120.46792"
99,西屏東,"22.65452,120.46307"
100,磚仔窯,"22.64215,120.41769"
101,鳳屏二路,"22.64154,120.4135"
102,海邊新田路口,"22.61977,120.29211"
103,江山村口,"22.64015,120.40512"
104,慈惠醫院,"22.63868,120.39748"
105,高雄客運鳳山站(澄瀾砲台),"22.62454,120.35698"
106,後庄(鳳屏一路),"22.63743,120.39463"
107,後庄農會,"22.63627,120.39264"
108,新光高中(鳳屏一路),"22.63471,120.38987"
109,中庄,"22.63082,120.38443"
110,埤頂,"22.62758,120.3791"
111,鳳山轉運站(捷運大東站),"22.6261,120.36337"
112,上埤頂,"22.62658,120.37629"
113,中山東路,"22.62625,120.37529"
114,捷運鳳山國中站(郵局),"22.62448,120.37142"
115,通益市場,"22.62912,120.3539"
116,中山國小(光復路),"22.62925,120.34996"
117,婦幼館,"22.62934,120.34776"
118,興達國小,"22.87545,120.19624"
119,覺民路口(澄清路),"22.63746,120.34486"
120,澄清路,"22.64267,120.34608"
121,鳳山龍山寺,"22.6217,120.35984"
122,澄清湖棒球場,"22.65522,120.36008"
123,鳥松區公所(中正路),"22.65983,120.36414"
124,十九灣,"22.67097,120.36138"
125,考潭,"22.67702,120.35811"
126,灣子內(仁武),"22.68232,120.35504"
127,新庄(鳳仁路),"22.69291,120.34968"
128,八卦寮,"22.69603,120.34825"
129,通法寺,"22.69888,120.34679"
130,仁武區公所(派出所),"22.7015,120.34846"
131,黃埔新村,"22.62042,120.36436"
132,仁武里,"22.70236,120.35213"
133,文武橋,"22.9868,120.63707"
134,安樂一街口,"22.70927,120.35315"
135,後庄(中正路),"22.71479,120.35206"
136,林子邊,"22.72239,120.35043"
137,三奶里,"22.72692,120.3484"
138,大社農會,"22.72956,120.34683"
139,三中路口(三民路),"22.73076,120.34332"
140,高雄少年法院,"22.73096,120.33538"
141,楠梓路口,"22.72832,120.33032"
142,東門,"22.62365,120.36938"
143,崎漏電信局,"22.87458,120.19386"
144,永豐路口,"22.60566,120.33413"
145,中一街,"22.72077,120.30716"
146,草衙市場,"22.57849,120.32236"
147,銘傳路口(九如四路),"22.66576,120.28433"
148,岡山農工(河華路),"22.80128,120.29085"
149,捷運鳳山站,"22.62598,120.35614"
150,台上街,"22.80493,120.29722"
151,文山學園,"22.64081,120.34879"
152,大埤,"22.88042,120.34639"
153,黃埔四村,"22.62233,120.37373"
154,臺鐵內惟站,"22.66575,120.28801"
155,赤崁東路(新富光),"22.74207,120.25348"
156,民權路,"22.73471,120.34862"
157,八德路一(鳳松路口),"22.63864,120.3624"
158,前鋒社區,"22.66734,120.28548"
159,舊鐵橋溼地(三和瓦窯),"22.663,120.4264"
160,大昌醫院,"22.65779,120.31989"
161,崎漏農會,"22.8738,120.19145"
162,五甲三誠路口,"22.59221,120.32684"
163,大樹區公所,"22.6851,120.41481"
164,坔埔,"22.65803,120.3848"
165,影劇七村,"22.62055,120.38138"
166,高碼山莊,"22.65821,120.38947"
167,華美,"22.65842,120.39191"
168,仁美國小,"22.65798,120.3942"
169,井仔腳,"22.66837,120.40939"
170,小坪頂,"22.68069,120.40899"
171,龍目,"22.68545,120.41644"
172,大樹路,"22.68713,120.4245"
173,大樹市場,"22.68814,120.43236"
174,商協一號,"22.61849,120.3838"
175,大樹分駐所,"22.69036,120.43318"
176,大樹,"22.692,120.43246"
177,水管路口(神農路),"22.65941,120.37306"
178,五甲市場,"22.59573,120.33158"
179,岡山交流道,"22.78718,120.31856"
180,大社中正路(保社里),"22.74652,120.35078"
181,吉貝公司,"22.73981,120.34851"
182,中都濕地公園(同盟三路),"22.64865,120.2855"
183,經五路,"22.72164,120.30185"
184,自強三路口(三多四路),"22.61268,120.30098"
185,台貿六村,"22.61563,120.38682"
186,小港行政中心,"22.56514,120.3382"
187,北汕巷,"22.59893,120.27757"
188,鳳源里,"22.52464,120.34457"
189,中山路(中正路口),"22.7319,120.34825"
190,安招里,"22.79086,120.33963"
191,橋頭地檢署,"22.73899,120.30478"
192,福山國中,"22.67932,120.31457"
193,明善堂(黃埔路),"22.62298,120.36562"
194,坊崁,"22.76147,120.44685"
195,統嶺坑,"22.75617,120.44774"
196,麻竹園,"22.74633,120.44707"
197,商協二號,"22.61389,120.38895"
198,大樹農會,"22.69094,120.43227"
199,興山里,"22.69412,120.42545"
200,和山里口,"22.69703,120.4205"
201,山頂崎腳,"22.69652,120.4097"
202,五叉路口,"22.69958,120.40542"
203,崎頂,"22.7016,120.39617"
204,清淨寺A(仁林路),"22.7011,120.39083"
205,油庫,"22.70115,120.38796"
206,磚廠,"22.69877,120.37962"
207,久保祥公司,"22.69201,120.37009"
208,山仔頂,"22.61103,120.39241"
209,東亞漆廠,"22.68862,120.36687"
210,忠山藥廠,"22.68584,120.36414"
211,埤內巷,"22.68262,120.36427"
212,天后宮(成功路),"22.68146,120.3621"
213,考潭里,"22.67938,120.36195"
214,綠園山莊,"22.67679,120.36292"
215,鞏威新村,"22.67439,120.36356"
216,經三路口,"22.72124,120.30614"
217,建工路,"22.64834,120.31897"
218,西塢食品,"22.75037,120.35208"
219,經五開發路口,"22.72045,120.30239"
220,輔英科大,"22.60847,120.39478"
221,明善堂,"22.62358,120.36687"
222,杉林分駐所,"22.97439,120.54165"
223,大仁路(裕賀牛觀光工廠),"22.77018,120.38329"
224,營房(大樹),"22.67968,120.42592"
225,綠陽山莊,"22.67391,120.42588"
226,竹寮,"22.672,120.42602"
227,雄獅大地,"22.66932,120.42603"
228,九大加油站,"22.65844,120.42476"
229,大樹國中,"22.65644,120.42265"
230,庄內(九曲北極殿),"22.65084,120.42242"
231,勵志新城,"22.78994,120.29627"
232,九曲路,"22.64778,120.4205"
233,建軍路口,"22.62866,120.34153"
234,中正國小,"22.63111,120.33441"
235,輔仁路口(建國一路),"22.63184,120.332"
236,大仁國中,"22.63271,120.32932"
237,福德市場,"22.6329,120.32734"
238,聖功醫院,"22.63269,120.32461"
239,道明中學,"22.63311,120.32276"
240,凱旋路口,"22.63396,120.31908"
241,建國二路,"22.63737,120.31221"
242,大寮,"22.60111,120.39938"
243,鐵路新村,"22.63752,120.30824"
244,南安國小,"22.76443,120.24339"
245,公館(大樹),"22.67703,120.42545"
246,翠屏路口(中山路),"22.73165,120.35027"
247,橋頭地方法院(1),"22.73876,120.30453"
248,山明路(北林路),"22.5643,120.36472"
249,大寮路口,"22.59773,120.40063"
250,油管路口,"22.60645,120.35445"
251,國校前,"22.90326,120.18377"
252,仕豐路,"22.75084,120.30804"
253,九甲圍,"22.74222,120.29439"
254,甲昌路,"22.7388,120.29449"
255,甲圍國小,"22.7361,120.29324"
256,中山高中,"22.72834,120.29171"
257,左營高中,"22.69357,120.29704"
258,北昌五街口,"22.64303,120.37408"
259,左營南站,"22.67954,120.28732"
260,極光精舍,"22.59372,120.40752"
261,海青工商,"22.67478,120.28653"
262,明誠中學,"22.66574,120.29155"
263,海專路口(德賢路),"22.72765,120.30922"
264,立群路口,"22.56302,120.35518"
265,軟體園區,"22.6046,120.29933"
266,中興里,"22.72476,120.27765"
267,山明里,"22.5621,120.3665"
268,三丘田,"22.87775,120.59981"
269,紫竹寺,"22.99892,120.5518"
270,榮佑路,"22.68176,120.32083"
271,新福市場,"22.59252,120.41063"
272,岡山國小,"22.79092,120.29449"
273,中正堂(岡山),"22.79077,120.28939"
274,大義二路口,"22.78744,120.28648"
275,醒村,"22.78445,120.28423"
276,後協,"22.78434,120.28229"
277,西後協,"22.78433,120.27648"
278,頂潭路口,"22.77905,120.26981"
279,福興里,"22.77715,120.26919"
280,石螺潭,"22.7726,120.26843"
281,包公廟路口,"22.59176,120.41381"
282,春木工廠,"22.76582,120.26733"
283,北梓官,"22.76251,120.26684"
284,大舍甲農會(大舍西路),"22.74695,120.26151"
285,赤崁東路(北赤崁),"22.74045,120.25106"
286,赤崁(梓官),"22.73761,120.24765"
287,蚵寮國小(南赤崁),"22.73443,120.2494"
288,蚵寮教會,"22.73336,120.25052"
289,茄冬坑,"22.735,120.25401"
290,典寶,"22.73699,120.25813"
291,典寶橋,"22.73832,120.26436"
292,大寮國小,"22.5911,120.41681"
293,北林路,"22.56028,120.36815"
294,新光人壽,"22.50016,120.39288"
295,六龜大橋,"22.99665,120.64144"
296,南屏路,"22.657,120.30007"
297,中正西路,"22.7824,120.24693"
298,彌壽宮,"22.7784,120.24735"
299,彌陀國中(進學路),"22.77616,120.24676"
300,漯底路,"22.76917,120.24483"
301,頂厝(彌陀),"22.76542,120.24348"
302,南天宮(彌陀),"22.76073,120.2385"
303,大明街口,"22.59086,120.41897"
304,南寮,"22.76021,120.23667"
305,秀傳醫院,"22.7965,120.29453"
306,壽華路,"22.79727,120.29312"
307,空軍機校,"22.79919,120.28465"
308,育才路口,"22.80513,120.27699"
309,南本洲,"22.80735,120.26524"
310,本洲,"22.80787,120.26102"
311,西本洲,"22.80808,120.25847"
312,工業區(本洲),"22.8083,120.25162"
313,維新-岡,"22.80827,120.24677"
314,上寮路口(大寮路),"22.59194,120.42199"
315,西維新,"22.80943,120.24329"
316,天文宮,"22.81336,120.24279"
317,南天宮(永安),"22.81653,120.24152"
318,牧場,"22.81874,120.24044"
319,永安國中,"22.82349,120.23828"
320,永安,"22.81856,120.22627"
321,永安國小,"22.81589,120.22437"
322,西永安,"22.81677,120.22139"
323,新港,"22.81779,120.21064"
324,新港國小,"22.82192,120.20879"
325,北新港,"22.82839,120.20657"
326,鹽村,"22.83349,120.2086"
327,華中路,"22.58986,120.42875"
328,鹽田,"22.83405,120.20971"
329,塭仔邊,"22.82965,120.21314"
330,永仁公園,"22.68259,120.33212"
331,六張犁,"22.90867,120.49043"
332,圓富里,"22.91598,120.49455"
333,口隘庄內,"22.92029,120.49629"
334,口隘,"22.92235,120.49714"
335,圓潭農會,"22.92693,120.50024"
336,圓潭農場,"22.92939,120.50205"
337,圓潭,"22.9325,120.5033"
338,中隘,"22.93943,120.50671"
339,大發工業區管理中心,"22.58221,120.42875"
340,埔姜林,"22.94907,120.51104"
341,大林(旗甲路四段),"22.95954,120.51578"
342,旗甲二路,"22.96078,120.51791"
343,刺仔寮,"22.96125,120.52865"
344,杉林農會,"22.9643,120.53211"
345,月眉,"22.96754,120.5337"
346,電力公司(杉林),"22.96992,120.53612"
347,杉林國中,"22.97074,120.53877"
348,杉林區公所(衛生所),"22.97194,120.53996"
349,中興北路一,"22.69317,120.43295"
350,潮寮活動中心,"22.56595,120.42867"
351,南河,"22.97769,120.54453"
352,杉林里,"22.99867,120.54988"
353,杉林角,"22.99904,120.55785"
354,內灣,"23.0068,120.56979"
355,白水泉,"23.01704,120.5547"
356,木梓國小,"23.01948,120.54632"
357,木梓,"23.02108,120.54394"
358,潮寮國中,"22.56427,120.4251"
359,六龜農會(光復路),"22.99545,120.63514"
360,六龜戲院前,"22.99528,120.6377"
361,潮寮,"22.5626,120.42855"
362,興瓏,"23.00512,120.64851"
363,育幼院,"23.00599,120.65601"
364,舊潭,"23.01248,120.66546"
365,北舊潭,"23.01569,120.66545"
366,獅額頭,"23.02234,120.66417"
367,新發,"23.02837,120.66338"
368,新發國小,"23.03169,120.66374"
369,灰窯(六龜),"23.03528,120.66524"
370,頂新發,"23.04314,120.66776"
371,水冬瓜,"23.05253,120.66756"
372,會結,"22.55439,120.42323"
373,番仔埔,"23.05966,120.6694"
374,下崁,"23.06961,120.67281"
375,荖濃,"23.07201,120.67303"
376,荖濃國小,"23.07311,120.673"
377,下長份,"23.07767,120.67556"
378,長份,"23.07942,120.67674"
379,頂濃路口,"23.08309,120.679"
380,外埔,"23.08499,120.67944"
381,頂荖濃,"23.08639,120.6799"
382,大圳,"23.08999,120.68288"
383,昭明變電所站,"22.54832,120.41156"
384,建山路口,"23.09624,120.6826"
385,大埔路口,"23.10101,120.68341"
386,妙通寺,"23.10003,120.68594"
387,羨仔腳,"23.10531,120.69352"
388,寶來,"23.10829,120.69942"
389,露營區,"23.0503,120.67516"
390,寶來國中,"23.11059,120.70299"
391,囉囉埔,"23.11143,120.71228"
392,檢查哨,"23.12001,120.70992"
393,長老教會,"23.13058,120.71922"
394,高中二村,"23.13412,120.72309"
395,大肚關,"23.13857,120.7391"
396,舊社,"23.14367,120.74806"
397,深溝,"23.15278,120.75889"
398,桃源區公所(衛生所),"23.1589,120.76401"
399,桃源,"23.15948,120.76572"
400,義仁路,"22.54646,120.41004"
401,六龜農會(太平路),"22.99561,120.63505"
402,美濃站,"22.90168,120.5416"
403,美濃區公所(衛生所),"22.89519,120.54252"
404,水廠(中壇),"22.88929,120.5369"
405,中壇,"22.88715,120.53455"
406,中美旅社,"22.88641,120.53265"
407,中壇廟,"22.8866,120.52947"
408,昭明派出所,"22.54471,120.40628"
409,中壇橋,"22.88661,120.52601"
410,旗美商工,"22.88627,120.51955"
411,崙仔頂,"22.88545,120.50907"
412,旗山紙廠,"22.88478,120.50288"
413,一號橋(中壇),"22.88355,120.49731"
414,橋頭地方法院(2),"22.7373,120.3042"
415,金鴻山金寶塔,"22.7169,120.39103"
416,灣仔內,"22.64879,120.3149"
417,三民公園(博愛路口),"22.64535,120.30394"
418,明德橋,"23.20228,120.79626"
419,圓通寺,"22.54175,120.40434"
420,中山大學行政大樓,"22.625,120.26591"
421,土庫三路(清豐路口),"22.7392,120.32829"
422,東六新經路口,"22.72457,120.30842"
423,中正高中,"22.626,120.33798"
424,紐約57街,"22.6632,120.28843"
425,中興北路,"22.69534,120.43305"
426,中洲二路口,"22.58289,120.29077"
427,高師大燕巢校區(歸燕食巢),"22.787,120.40476"
428,天鳳宮,"22.58196,120.29144"
429,變電所(十全),"22.64615,120.29346"
430,港後路口,"22.56713,120.33215"
431,三陽造船廠,"22.57986,120.29315"
432,昭明,"22.53971,120.40366"
433,佛公,"22.57524,120.32534"
434,湖底橋(杉林),"22.98129,120.55347"
435,隘丁寮,"22.98286,120.55574"
436,球場路口,"22.65506,120.33652"
437,中正路(通安路口),"22.73127,120.25432"
438,中洲國小,"22.57807,120.29454"
439,哨船街,"22.62258,120.26941"
440,甲仙站,"23.08258,120.58781"
441,濟公廟,"23.08245,120.60016"
442,鳳林一路,"22.5364,120.40166"
443,咖啡村,"23.07526,120.61118"
444,鹽桑坑,"23.07787,120.6211"
445,白雲橋,"23.0631,120.6216"
446,上直瀨,"23.07052,120.6465"
447,下直瀨,"23.07051,120.65351"
448,上智橋,"23.07138,120.66018"
449,高中里,"23.12971,120.71783"
450,哨船頭,"22.61975,120.26926"
451,仁武高中,"22.70147,120.35454"
452,大順路口(建工路),"22.64915,120.32278"
453,林內橋,"22.53411,120.4009"
454,漁故鄉(蚵仔寮漁港),"22.7275,120.25761"
455,水安里,"22.66266,120.41093"
456,水寮,"22.66551,120.40958"
457,博愛職訓中心,"22.64661,120.28939"
458,營口路,"22.5698,120.37089"
459,海洋探索館(旗津漁港停車場),"22.58942,120.28751"
460,岡山農工(嘉新西路),"22.80221,120.29303"
461,中興里活動中心,"22.57437,120.29736"
462,苗圃,"22.88916,120.6241"
463,水寮中山路,"22.66705,120.40911"
464,經六路,"22.72178,120.30035"
465,林內,"22.53177,120.39957"
466,高師大燕巢校區(致理大樓),"22.78906,120.40597"
467,和平里,"23.0386,120.66605"
468,朝天宮(旗文路),"22.90433,120.47923"
469,嶺頂,"22.90826,120.47456"
470,石溝,"22.91133,120.46624"
471,二層橋,"22.91712,120.46231"
472,農會(內門),"22.91737,120.45692"
473,觀音亭,"22.91833,120.45387"
474,中埔,"22.92002,120.45116"
475,內門國中,"22.92253,120.45337"
476,中厝,"22.52949,120.39886"
477,中埔頭,"22.92349,120.45396"
478,菜公坑,"22.92736,120.45675"
479,內埔橋,"22.93178,120.4596"
480,十三甲,"22.93676,120.46151"
481,內門國小,"22.93957,120.46144"
482,內門區公所,"22.94165,120.46234"
483,內門,"22.94509,120.4637"
484,內湖,"22.9616,120.47184"
485,蘇遠埔,"22.96688,120.46814"
486,潭頭,"22.52636,120.39718"
487,木柵,"22.97558,120.46876"
488,頂寮橋,"22.98219,120.46961"
489,椰樹橋,"22.98934,120.46886"
490,內興里,"22.99359,120.46728"
491,分水嶺,"23.00086,120.46835"
492,茄冬橋,"23.00517,120.46871"
493,金馬寮,"23.00834,120.4701"
494,北頭,"23.01571,120.47259"
495,大坪,"23.02171,120.47395"
496,西部,"23.03267,120.47517"
497,新金潭,"22.52394,120.39689"
498,界址,"23.03713,120.47736"
499,南化派出所,"23.04245,120.47704"
500,南化(加油站),"23.04353,120.47855"
501,孔宅,"22.57957,120.37128"
502,溝坪路口,"22.92304,120.4977"
503,舊圓潭,"22.92461,120.49435"
504,西圓潭,"22.92739,120.49278"
505,大埔尾,"22.93154,120.49327"
506,大埔,"22.93879,120.49215"
507,紅土崎,"22.94435,120.49179"
508,介壽路,"22.52028,120.396"
509,太祖廟,"22.94837,120.49143"
510,萊仔坑,"22.95522,120.49371"
511,埔頂,"22.95972,120.49548"
512,龍山路口,"22.96571,120.49776"
513,寶林,"22.96769,120.49771"
514,寶山公園,"22.97204,120.49762"
515,市仔尾寮,"22.97558,120.49758"
516,田螺窟,"22.97821,120.49787"
517,頂庄,"22.9823,120.50043"
518,永興社區,"22.98558,120.50172"
519,清水岩路口,"22.51722,120.39544"
520,藤坑口,"22.9885,120.50224"
521,南溝坪,"22.9905,120.50168"
522,興天宮,"22.99273,120.50069"
523,溝坪,"22.99418,120.5009"
524,頭社,"22.99921,120.50276"
525,頂頭社,"23.00135,120.50338"
526,竹圍,"23.00332,120.50797"
527,金竹國小,"23.00896,120.51373"
528,金瓜寮,"23.01285,120.51993"
529,竹峰寺,"23.01384,120.5239"
530,峰山里,"22.87622,120.35341"
531,埤子尾(中山路),"22.85988,120.3243"
532,土庫(阿蓮),"22.8426,120.32061"
533,北文街口,"22.64084,120.36916"
534,德松路口,"22.76395,120.30755"
535,林園站,"22.50193,120.38784"
536,捷運青埔站(成功南路),"22.74369,120.31686"
537,水管路口(高楠公路),"22.70441,120.32397"
538,員工服務中心,"22.72385,120.30656"
539,木業公司(梓官),"22.74432,120.25703"
540,大遼里,"22.77693,120.30013"
541,中山一路口,"22.63442,120.3035"
542,輔英科大校區,"22.60399,120.39169"
543,捷運楠梓加工區(加工區內),"22.71916,120.30616"
544,中鴻公司,"22.53264,120.3716"
545,高英工商,"22.59447,120.40204"
546,中山工商,"22.60271,120.39704"
547,東林西路,"22.50312,120.39108"
548,南區資源回收廠(北林路),"22.55012,120.37565"
549,長庚復健大樓,"22.65046,120.35303"
550,文山高中,"22.64847,120.35418"
551,慈濟大學推廣中心,"22.80748,120.28529"
552,太爺(中正路一段),"22.90955,120.22636"
553,海峰,"22.7635,120.3327"
554,埔尾,"23.05194,120.67569"
555,文化街口,"22.7877,120.29656"
556,果貿社區,"22.671,120.28661"
557,岡山農工,"22.80241,120.29152"
558,茄萣電信局,"22.90935,120.18437"
559,台泥公司,"22.81705,120.27383"
560,東方路口(東方技術學院),"22.88166,120.24927"
561,大湖,"22.88851,120.24283"
562,威武廟,"22.90742,120.18396"
563,田尾里,"22.89458,120.24052"
564,仁佑診所,"22.91003,120.22414"
565,圍內,"22.90916,120.22089"
566,分局,"22.50931,120.39466"
567,葉厝甲,"22.90878,120.21721"
568,湖內農會,"22.90865,120.21468"
569,湖內區公所(圍子內),"22.90846,120.21133"
570,文賢里,"22.90804,120.20866"
571,草仔寮-湖內,"22.91198,120.19562"
572,林園高中,"22.51349,120.39506"
573,白砂崙,"22.91287,120.18509"
574,南白砂崙,"22.91077,120.18463"
575,茄萣區公所(茄萣國中),"22.90639,120.18369"
576,曾厝,"22.90119,120.18406"
577,頂茄萣,"22.89816,120.18472"
578,茄萣農會(下茄萣),"22.8958,120.18507"
579,光萣,"22.89273,120.18631"
580,成功橋,"22.88991,120.187"
581,創意北路,"22.71464,120.30034"
582,力行路(永芳國小),"22.60634,120.39652"
583,中山工商(力行路),"22.60421,120.39789"
584,芎林六街口,"22.74829,120.33144"
585,大寮區公所,"22.60456,120.39571"
586,一隧,"22.93135,120.64416"
587,勞動女性紀念公園,"22.59443,120.28063"
588,五甲農會,"22.59649,120.33356"
589,南京瑞隆東路口,"22.60715,120.34576"
590,哈瑪星旅運接駁中心(輕軌哈瑪星站),"22.62118,120.27538"
591,金福路口(草衙三路),"22.57021,120.32956"
592,創意南路,"22.7132,120.30216"
593,竹仔門,"22.86941,120.58238"
594,晉禾公司,"22.80752,120.2936"
595,漯底公園,"22.76736,120.25598"
596,誠德里,"22.62228,120.37598"
597,柑提,"22.83841,120.35189"
598,輕軌夢時代站(統一時代百貨),"22.59515,120.30508"
599,龍肚路口,"22.8754,120.57371"
600,大學一街口,"22.72686,120.29458"
601,興達港立體停車場,"22.87168,120.1944"
602,高雄中學,"22.63796,120.29736"
603,五分仔,"22.79481,120.24392"
604,三塊厝,"22.85427,120.22848"
605,新竹滬,"22.86141,120.22761"
606,明誠路口(中華一路),"22.66222,120.29261"
607,大舍甲農會(大舍辦事處),"22.74662,120.26167"
608,捷運南岡山站,"22.78065,120.30046"
609,假日市集,"22.87923,120.21419"
610,南保寧,"22.83261,120.23482"
611,保寧,"22.83536,120.23471"
612,下甲,"22.84777,120.23038"
613,大湖埤,"22.87453,120.22507"
614,興達遠洋漁港,"22.87684,120.21429"
615,情人碼頭,"22.88085,120.21139"
616,興達港(正大路),"22.87882,120.20391"
617,崎漏,"22.87751,120.18905"
618,北崎漏,"22.87922,120.18848"
619,臺鐵新左營站,"22.68876,120.30762"
620,興達港海巡署基地,"22.87639,120.20103"
621,茄萣郵局,"22.90421,120.18702"
622,白雲里,"22.91199,120.1873"
623,耶穌聖名堂,"22.64894,120.34492"
624,新竹滬 ,"22.86146,120.22747"
625,大學東路口,"22.72739,120.29044"
626,中庄消防分隊(八德路口),"22.63251,120.39635"
627,彌陀加油站,"22.78992,120.24563"
628,鹽埕,"22.78724,120.24677"
629,凱旋四路,"22.60342,120.32361"
630,活動中心(燕巢區),"22.78264,120.36168"
631,海光公司,"22.55052,120.36545"
632,成功一路口,"22.63146,120.29063"
633,楠梓火車站,"22.72754,120.32565"
634,燕巢果菜市場,"22.76021,120.3593"
635,西溪路,"22.49025,120.39309"
636,鳳芸站,"22.48704,120.39748"
637,健仁醫院,"22.72377,120.3294"
638,頂庄棒球場,"22.5884,120.35786"
639,汕尾,"22.48159,120.40958"
640,常順街口,"22.7329,120.3363"
641,中芸,"22.49011,120.3974"
642,高鐵總機廠,"22.75985,120.34586"
643,八德路口(大灣),"22.67654,120.34037"
644,高雄科大(第一東校區),"22.75812,120.33613"
645,慈雲寺(楠梓區公所),"22.73019,120.32716"
646,電力公司(楠梓),"22.73294,120.33056"
647,楠梓派出所(旗楠路),"22.73131,120.32899"
648,立文路,"22.66447,120.30586"
649,中芸國小(側門),"22.48818,120.39602"
650,楠陽國小,"22.72504,120.3295"
651,大學6街口,"22.72379,120.28181"
652,華夏路口(重愛路),"22.68704,120.3137"
653,桂德街口,"22.58328,120.35744"
654,三多三路口,"22.61571,120.31192"
655,岡山文化中心(後門),"22.78278,120.29952"
656,輕軌五權國小站(三多二路),"22.62049,120.32511"
657,大順一路口,"22.65633,120.3088"
658,光華五福路口,"22.6263,120.31473"
659,復興三路口,"22.61142,120.31031"
660,三民區公所,"22.64721,120.2999"
661,育英路,"22.79401,120.28193"
662,仙峰宮站,"22.72729,120.42326"
663,民生二里,"23.27919,120.71957"
664,那瑪夏,"23.22542,120.69409"
665,錫安山,"23.21124,120.66852"
666,大德三路口,"22.78884,120.29948"
667,鼓山行政中心(興隆),"22.63606,120.28066"
668,小林,"23.16237,120.63985"
669,澄新二街口,"22.66982,120.35714"
670,澄新四街口,"22.67105,120.35686"
671,大灣,"22.68017,120.35018"
672,通安路,"22.73306,120.25451"
673,新開紀念公園,"23.05707,120.67737"
674,通港路,"22.72607,120.25853"
675,和春技術學院(大發校區),"22.60602,120.42745"
676,興隆路口,"22.61263,120.4107"
677,自由路口(大寮),"22.61685,120.39222"
678,仁愛路(大寮),"22.62942,120.39506"
679,水寮中華路,"22.66498,120.40594"
680,高鐵路,"22.69377,120.31659"
681,文學路口(中華路),"22.69784,120.34781"
682,部立旗山醫院(中華路),"22.88042,120.48384"
683,龍肚,"22.87793,120.57066"
684,新威大橋,"22.89018,120.64751"
685,茂林風景區入口,"22.88061,120.65008"
686,茂林區公所,"22.88601,120.6636"
687,射日英雄,"22.88676,120.66675"
688,萬山里,"22.90996,120.68078"
689,喜樂亭(萬山上部落),"22.91025,120.68368"
690,東林東路,"22.50372,120.39722"
691,龍頭山遊憩區,"22.90928,120.69006"
692,蛇頭山觀景台,"22.91578,120.69651"
693,多納古戰場,"22.91608,120.71195"
694,多納,"22.90946,120.7139"
695,聖母宮,"22.81643,120.30199"
696,林園區公所,"22.50768,120.39496"
697,文英里,"22.63778,120.35644"
698,光明路口,"22.61197,120.41261"
699,義和社區,"22.63952,120.41814"
700,溪寮國小,"22.62988,120.42083"
701,溪寮社區,"22.6295,120.41791"
702,滷味博物館,"22.8172,120.2669"
703,本工六路口,"22.81241,120.26346"
704,永安工業區,"22.8082,120.25236"
705,本工五路口,"22.80969,120.27032"
706,大莊里,"22.81121,120.32689"
707,樹德科技大學(校區),"22.76373,120.37627"
708,會結路口,"22.55556,120.4125"
709,大學十一街口,"22.72809,120.28695"
710,高雄物產館,"22.6805,120.29777"
711,大舍北路,"22.74812,120.26147"
712,平安街口,"22.7572,120.26231"
713,衛武營國家藝術文化中心(三多路),"22.6245,120.34087"
714,衛武營都會公園,"22.62407,120.33746"
715,中正體育場,"22.62391,120.33532"
716,輔仁路口(三多一路),"22.62368,120.3339"
717,菁華幼兒園,"22.65105,120.3396"
718,本和街口,"22.65349,120.32859"
719,自立路口,"22.63417,120.29839"
720,新庄(鳳林二路),"22.56179,120.4119"
721,輕軌五權國小站(凱旋二路),"22.62108,120.32509"
722,高雄文化中心(和平一路),"22.62732,120.31911"
723,高雄文化中心(五福國中站),"22.62873,120.31767"
724,自來水公園,"22.62783,120.31487"
725,麗尊酒店,"22.62723,120.3131"
726,新興高中,"22.62474,120.30573"
727,捷運中央公園站,"22.62489,120.30103"
728,捷運美麗島站,"22.63017,120.30192"
729,輔英科大圖書館,"22.6025,120.38916"
730,忠誠路口,"22.65806,120.36093"
731,新庄變電所,"22.56902,120.41136"
732,孟子路口,"22.67822,120.30242"
733,仁雄澄合街口,"22.68064,120.35065"
734,輕軌凱旋公園站(民生醫院),"22.62766,120.32243"
735,凱旋醫院(高師大),"22.62343,120.32411"
736,中都濕地公園(美都路),"22.64826,120.28812"
737,國軍高雄總醫院(捷運衛武營站),"22.62548,120.3404"
738,捷運五塊厝站(中正一路),"22.62931,120.32887"
739,城市光廊(捷運中央公園站),"22.62303,120.30035"
740,大立百貨,"22.6214,120.29577"
741,濃公,"22.57362,120.41021"
742,五福瀨南街口,"22.62404,120.28259"
743,建國四路口,"22.62508,120.28062"
744,輕軌壽山公園站,"22.62604,120.27773"
745,捷運西子灣站,"22.62261,120.27448"
746,鼓山市場,"22.62251,120.27287"
747,中山大學(隧道口),"22.62387,120.26991"
748,濱海二路,"22.62166,120.26998"
749,鼓山輪渡站,"22.61974,120.27062"
750,新濱碼頭,"22.6199,120.27246"
751,健能游泳池,"22.59135,120.32904"
752,童心幼稚園,"22.59161,120.33029"
753,南成國小,"22.5948,120.33495"
754,潮寮路口,"22.57724,120.409"
755,家樂福五甲店,"22.59643,120.33733"
756,飛鳳宮,"22.58743,120.34731"
757,南成里,"22.58763,120.34904"
758,高雄科大(燕巢),"22.77294,120.40073"
759,九如四路,"22.64855,120.27887"
760,岡山電信局,"22.78459,120.29614"
761,岡山稽徵所(國稅局),"22.78453,120.29116"
762,楠梓國中,"22.73545,120.32626"
763,家樂福新楠站(清豐一路),"22.73641,120.33176"
764,大崎腳(大寮),"22.58217,120.40703"
765,楠梓高中,"22.74462,120.33118"
766,高雄科大(第一西校區),"22.7514,120.33158"
767,中崙國中,"22.60313,120.35308"
768,北昌三街口,"22.64533,120.37276"
769,南京路口(興隆街),"22.60654,120.34491"
770,南京路口(南福街),"22.61314,120.34628"
771,林園,"22.50407,120.39392"
772,鎮北國小,"22.64294,120.36758"
773,牛潮埔休閒公園,"22.64413,120.36618"
774,文前路口,"22.66337,120.36237"
775,五里埔(小林國小),"23.14788,120.63074"
776,大崎腳路口,"22.58468,120.40598"
777,康定路,"22.58418,120.32066"
778,關山里,"23.11266,120.60612"
779,甲仙區公所.衛生所,"23.08387,120.58817"
780,美術東四路口(明誠四路),"22.66137,120.28968"
781,新榮巷,"23.07024,120.5786"
782,大社區公所,"22.73038,120.34689"
783,匏子寮,"23.04846,120.55441"
784,重愛路(新莊高中),"22.68347,120.31796"
785,鳳南路,"22.59955,120.33707"
786,小份尾,"22.99922,120.57324"
787,新開,"23.06388,120.6815"
788,三隆路口,"22.5873,120.40491"
789,松柏街口,"22.57037,120.36235"
790,益群路(德民路口),"22.7238,120.29757"
791,新庄國小,"22.98721,120.56171"
792,高坪35街口,"22.5556,120.37978"
793,大愛里,"22.967,120.54338"
794,九如四路口(逢甲路),"22.66374,120.28363"
795,逢甲路口(九如四路),"22.66376,120.28277"
796,七號公園,"22.7146,120.29653"
797,高大管理學院,"22.73242,120.28813"
798,北興龍,"23.00629,120.64947"
799,高雄監獄,"22.59222,120.40289"
800,美術東五路口,"22.65924,120.29228"
801,旗山農工,"22.90194,120.48325"
802,旗山衛生所,"22.89026,120.48013"
803,黃埔公園,"22.62201,120.36825"
804,福誠高中,"22.59021,120.32444"
805,鳳新高中(南京路),"22.61346,120.34576"
806,竹仔寮抽水站,"22.66836,120.42609"
807,河堤公園(明誠二路),"22.66067,120.31078"
808,奇美博物館,"22.93535,120.22105"
809,聚亨公司,"22.80434,120.29468"
810,古嚴寺,"22.71167,120.38725"
811,岡山文化中心,"22.78384,120.2974"
812,一甲(路竹),"22.87159,120.27346"
813,大中路口(民族一路),"22.67762,120.31895"
814,草衙,"22.57705,120.32378"
815,紅毛港文化園區,"22.54919,120.318"
816,上平里,"22.97615,120.54286"
817,介壽路口,"22.68045,120.28261"
818,鼎中路口,"22.66006,120.31971"
819,鎮中路口,"22.58585,120.31979"
820,瑞豐站(瑞隆路),"22.60589,120.33734"
821,小港站,"22.56528,120.34073"
822,仁愛路(鳳山),"22.62392,120.3728"
823,小港醫院,"22.56647,120.36326"
824,福安,"22.89655,120.51945"
825,高坪60街口,"22.55546,120.38203"
826,鳳山商工(建國路三段),"22.63641,120.35623"
827,高坪39街口,"22.55283,120.38311"
828,朝鳳寺(家和五街),"22.58622,120.34395"
829,嘉峰里活動中心,"22.82791,120.31194"
830,久堂里(永豐餘造紙),"22.65896,120.41993"
831,月天寺,"22.62542,120.41"
832,西門,"22.62686,120.35268"
833,柴頭溪口,"22.9694,120.64123"
834,海富路,"22.68888,120.2892"
835,過昌街,"22.58695,120.36104"
836,榮總側門,"22.6796,120.32182"
837,路竹農會,"22.86102,120.26022"
838,宏平路口,"22.57293,120.36669"
839,飛機路,"22.57328,120.35896"
840,勞工育樂中心,"22.65275,120.35978"
841,大立百貨(文武二街口),"22.62186,120.29761"
842,高坪8路口,"22.54514,120.38222"
843,公路之家,"22.62741,120.3508"
844,大樹圖書館,"22.65812,120.41827"
845,湖底橋(大樹),"22.65837,120.41547"
846,高坪11路口,"22.54341,120.3807"
847,南區資源回收廠,"22.55322,120.3762"
848,褒揚街口,"22.63998,120.34541"
849,龍山林社區,"22.91123,120.49249"
850,養護中心,"23.07364,120.58062"
851,輕軌凱旋中華站(舊凱旋四路),"22.59398,120.31124"
852,前鎮國中,"22.58345,120.32224"
853,捷運前鎮高中站(勞工行政中心),"22.58759,120.3223"
854,隆后宮,"22.89404,120.40263"
855,屏東轉運站,"22.66954,120.48621"
856,中山國中,"22.56681,120.35526"
857,民族路口(八德一路),"22.63536,120.31259"
858,復興,"22.96346,120.64268"
859,鳳山高中,"22.62801,120.34654"
860,楠梓高中(創新路),"22.74511,120.32952"
861,金鼎路口,"22.66432,120.32185"
862,瑞隆東路,"22.60635,120.34309"
863,美術東四路,"22.66023,120.29037"
864,正義路口(建國一路),"22.63007,120.33802"
865,安樂宮,"22.78857,120.24345"
866,經六內環北路口,"22.72391,120.29972"
867,經六西二街口,"22.71845,120.30173"
868,新威國小,"22.89876,120.62703"
869,污水處理廠,"22.58665,120.28738"
870,國際商場,"22.62525,120.28172"
871,東三街,"22.7216,120.30849"
872,新寮,"22.8805,120.61411"
873,鳳新高中,"22.61287,120.34294"
874,錦田路口(八德一路),"22.63551,120.3102"
875,寶來7-11,"23.10885,120.70016"
876,移民署,"22.79136,120.29609"
877,二坡,"22.92036,120.63987"
878,建業路,"22.57077,120.42869"
879,江山里(鳳屏二路),"22.6407,120.40863"
880,九兄弟,"22.88355,120.61998"
881,東六街口,"22.72471,120.30868"
882,台南航空站,"22.94854,120.21678"
883,南汕里,"22.58556,120.28838"
884,健康公園,"22.87377,120.19688"
885,三鳳中街,"22.63744,120.29509"
886,博愛三路口,"22.68078,120.31059"
887,建國林森路口,"22.63766,120.30437"
888,進學路,"22.60573,120.39392"
889,水肥處理廠,"22.58471,120.28913"
890,柳橋西路,"22.78994,120.28246"
891,鳳翔國小,"22.59493,120.33986"
892,上寮路口(至學路),"22.60796,120.42252"
893,中興路(元良公司),"22.7762,120.36072"
894,家樂福新楠站(清豐二路站),"22.73667,120.33036"
895,中仁路口,"22.71755,120.35126"
896,瑞興市場,"22.63097,120.37182"
897,不老溫泉,"23.06615,120.68497"
898,市立聯合醫院,"22.65513,120.29227"
899,工協街口,"22.62947,120.37383"
900,中正國小(鳳山),"22.62855,120.37392"
901,電信技術中心,"22.83107,120.26345"
902,大灣國中,"22.67676,120.34238"
903,三和里,"22.72443,120.42969"
904,捷運鹽埕埔站(大仁路),"22.62523,120.28532"
905,輕軌凱旋武昌站,"22.61654,120.32687"
906,高鐵台南站,"22.92415,120.28608"
907,正興國小(寶興路口),"22.64633,120.32664"
908,駁二藝術特區(大智路),"22.62093,120.28511"
909,第二衛生所,"22.59373,120.33325"
910,美術館(中華藝校),"22.6555,120.28812"
911,鳳山行政中心(中山西路),"22.62812,120.3438"
912,路竹區公所(國昌路),"22.85443,120.25934"
913,路竹高中(國昌路),"22.85515,120.25435"
914,路竹高中(中華路),"22.85478,120.25268"
915,路竹宿舍,"22.84434,120.24522"
916,後鄉里,"22.84367,120.24463"
917,順安宮,"22.84126,120.2426"
918,國昌路口(中山路),"22.85323,120.26153"
919,阿蓮區公所,"22.88327,120.32693"
920,仁光路站,"22.68319,120.3509"
921,美術園區,"22.65344,120.28799"
922,大津活動中心,"22.89193,120.64733"
923,大津褔德廟,"22.90193,120.64806"
924,茂林遊客活動中心,"22.88012,120.64927"
925,埤頂派出所,"22.62826,120.38057"
926,梓官區公所,"22.76071,120.26669"
927,仕隆活動中心,"22.75275,120.31075"
928,土庫二路,"22.73928,120.32559"
929,通安路口,"22.7325,120.2533"
930,嘉展路口,"22.73402,120.25228"
931,中正路一(蚵仔寮),"22.73657,120.25012"
932,中正路二(蚵仔寮),"22.73829,120.24959"
933,大社果菜市場,"22.73082,120.35567"
934,福壽宮,"22.60702,120.27062"
935,市場前,"22.62559,120.36179"
936,捷運市議會站,"22.62891,120.2943"
937,福山國小,"22.68431,120.31588"
938,保雅路,"22.59421,120.3497"
939,一心一路口(輕軌籬仔內站),"22.60628,120.32481"
940,輕軌凱旋瑞田站,"22.59958,120.31973"
941,輕軌籬仔內站(凱旋四路),"22.60436,120.32434"
942,輕軌凱旋瑞田站(舊凱旋四路),"22.59978,120.31973"
943,玄龍宮,"23.0336,120.53739"
944,中興(萬丹路),"22.61294,120.39655"
945,旗山醫院,"22.88111,120.48271"
946,中華路口(明誠三路),"22.66104,120.29323"
947,文信路口,"22.66415,120.30015"
948,捷運巨蛋站(篤敬路口),"22.66451,120.3028"
949,大順一路(好市多),"22.65681,120.30638"
950,龍華國中(忠言路口),"22.65871,120.30888"
951,大樂民族店,"22.65968,120.31445"
952,鼎力路,"22.66831,120.32333"
953,輔英科大中正堂,"22.60102,120.38992"
954,內溪,"22.61339,120.4006"
955,樹人醫專(部分班次延駛),"22.88274,120.26081"
956,海科院,"22.63021,120.26197"
957,海工館,"22.62929,120.26215"
958,H棟宿舍,"22.62719,120.26778"
959,中山大學活動中心,"22.62799,120.26536"
960,正修科大宿舍,"22.64738,120.35156"
961,正修科大(後門),"22.64906,120.35094"
962,姑山倉庫(大坑路),"22.71024,120.43945"
963,大潤發,"22.63368,120.35563"
964,八德路,"22.6383,120.3593"
965,文山里,"22.63981,120.35625"
966,松埔路口(圓照寺),"22.65904,120.38056"
967,永芳路口,"22.61398,120.4053"
968,農友種苗,"22.6604,120.42612"
969,新吉庄,"22.68637,120.4302"
970,實踐街,"22.68896,120.43121"
971,中正一路,"22.69342,120.4346"
972,中興東路,"22.69147,120.43439"
973,九曲路口,"22.654,120.42402"
974,高碼,"22.65818,120.38931"
975,建國新城(文衡路口),"22.63608,120.35907"
976,井腳里,"22.67209,120.40854"
977,崇聖殿,"22.67405,120.40781"
978,朱峰宮,"22.61345,120.40792"
979,小坪國小,"22.68181,120.41116"
980,大樹里,"22.68681,120.42675"
981,保安宮(大樹),"22.68712,120.42979"
982,文濱路口,"22.63761,120.34698"
983,青年路口(建國路三段),"22.63734,120.35105"
984,法元寺,"22.6306,120.36153"
985,瑞興國小,"22.63114,120.36737"
986,瑞興兒童公園,"22.62899,120.36706"
987,豁落靈宮殿,"22.62697,120.36614"
988,瑞興瑞竹路口,"22.62547,120.36711"
989,博愛瑞進路口,"22.62755,120.37242"
990,博愛勝利路口,"22.62632,120.37466"
991,新莊路口,"22.67223,120.29785"
992,久堂里(九曲堂火車站),"22.65749,120.41747"
993,九曲堂火車站(內),"22.65651,120.42071"
994,翁園國小,"22.6225,120.40902"
995,姑山倉庫(大樹農會教育園區),"22.70987,120.44039"
996,佛陀紀念館,"22.75493,120.44608"
997,鳳山寺(大樹),"22.69055,120.43185"
998,龍目井,"22.68904,120.40929"
999,高鐵左營站,"22.68703,120.30878"
1000,天聖宮,"22.59665,120.27901"
1001,漢翔公司,"22.8093,120.31976"
1002,大莊公園,"22.80763,120.31953"
1003,關帝宮,"22.80765,120.31778"
1004,肉品市場,"22.80765,120.3119"
1005,溪寮,"22.62695,120.41728"
1006,三多鋼鐵,"22.80761,120.30756"
1007,嘉新東路,"22.80765,120.30216"
1008,嘉新東路口,"22.80708,120.30133"
1009,岡山郵局(大仁路),"22.80558,120.30153"
1010,竹圍國小,"22.8032,120.30161"
1011,旗山市場,"22.88989,120.48339"
1012,朝鳳宮,"22.61958,120.40932"
1013,壽天派出所,"22.80111,120.30176"
1014,和平公園,"22.7985,120.30201"
1015,碧紅宮,"22.79538,120.30251"
1016,順天宮,"22.79351,120.30231"
1017,岡山國中(大仁南路),"22.79042,120.30224"
1018,巷尾路,"22.61836,120.40997"
1019,江山里(江山路),"22.64048,120.40916"
1020,鳳山行政中心(光復路),"22.62944,120.34325"
1021,捷運大寮站,"22.62127,120.39212"
1022,大寮中正路(捷西路口),"22.61915,120.38866"
1023,大明路口,"22.60847,120.34182"
1024,新富路,"22.61547,120.34845"
1025,黃厝路,"22.61625,120.40887"
1026,忠孝國小,"22.61782,120.34927"
1027,國光路口,"22.6205,120.3495"
1028,捷運鳳山西站(青年路一段),"22.62539,120.3493"
1029,青年國中,"22.63051,120.34953"
1030,新寮橋,"22.87883,120.6048"
1031,武侯宮,"22.61423,120.41156"
1032,建國路口(青年路二段),"22.6383,120.35072"
1033,文衡路口,"22.64118,120.35122"
1034,濱山街口,"22.64513,120.3501"
1035,五甲派出所,"22.59756,120.33521"
1036,澄園,"22.64694,120.34775"
1037,光明巷,"22.98458,120.63725"
1038,文福里,"22.63541,120.35031"
1039,高雄仁愛之家,"22.63967,120.39758"
1040,客家文物館,"22.65075,120.29594"
1041,五甲,"22.5929,120.32774"
1042,民光街口,"22.63836,120.39372"
1043,過雄街,"22.58673,120.35936"
1044,河堤路口(岡山路),"22.78614,120.29694"
1045,旗津三路,"22.59134,120.28327"
1046,小港天主教堂,"22.56517,120.33347"
1047,高雄餐旅大學(校區),"22.56544,120.37177"
1048,頂勤和,"23.17988,120.78049"
1049,真福山,"23.00177,120.56554"
1050,青海美術南二路口,"22.65145,120.28591"
1051,建國一路,"22.62969,120.33911"
1052,凱國路口,"22.63583,120.31569"
1053,建國忠孝路口,"22.6376,120.30617"
1054,三民國小,"22.63619,120.29057"
1055,建國三路,"22.63551,120.28854"
1056,河濱國小,"22.63485,120.2865"
1057,北斗街口,"22.63181,120.28368"
1058,鹽埕分局,"22.63079,120.28298"
1059,大公路口(建國四路),"22.62773,120.28133"
1060,巴楠花部落小學,"22.96483,120.53999"
1061,大榮高中,"22.65336,120.27889"
1062,中安路(高鳳路口),"22.58487,120.36697"
1063,鼎山街口,"22.65253,120.32011"
1064,廠邊三路口(飛機路),"22.57332,120.35706"
1065,二坡前,"22.92456,120.64141"
1066,臺鐵美術館站(青海路),"22.65171,120.28149"
1067,高松陸橋,"22.56937,120.37839"
1068,高坪29路口,"22.55704,120.3826"
1069,高坪11路,"22.54627,120.37998"
1070,義華路口(大昌二路),"22.64492,120.33205"
1071,大仁東路,"22.66122,120.36309"
1072,鳥松區公所(神農路),"22.6593,120.36516"
1073,大山,"22.85319,120.46784"
1074,澄清澄和路口,"22.64384,120.34638"
1075,高坪35街,"22.55284,120.38167"
1076,捷運小港站,"22.5648,120.35369"
1077,永和街,"22.56311,120.39057"
1078,文華國小,"22.63441,120.35207"
1079,臺鐵三塊厝站(自立路),"22.63967,120.29633"
1080,小港路口,"22.56381,120.33441"
1081,成功路口,"22.63722,120.39103"
1082,圓富國中,"22.92813,120.50096"
1083,新隘丁寮,"22.98454,120.55741"
1084,益榮,"22.98783,120.56356"
1085,大華里(澄清路),"22.64683,120.34691"
1086,中街,"22.98858,120.56495"
1087,旗山新庄,"22.98958,120.56624"
1088,茶亭,"22.99355,120.56889"
1089,山尾,"22.99736,120.57147"
1090,旗山新厝,"23.00367,120.57548"
1091,火山,"23.01011,120.57827"
1092,火山坑,"23.01817,120.57205"
1093,下十張犁,"23.01973,120.5674"
1094,十張犁,"23.02239,120.56303"
1095,新頂埔,"23.02346,120.56206"
1096,新威,"22.90385,120.63045"
1097,頂埔,"23.02801,120.56283"
1098,官埔,"23.03264,120.56174"
1099,八張犁,"23.03846,120.55225"
1100,旗山水廠,"23.0427,120.55011"
1101,寶隆,"23.05066,120.5574"
1102,仙林巷,"23.05725,120.56045"
1103,大丘園,"23.05948,120.56641"
1104,田厝(近甲仙),"23.06348,120.57251"
1105,鎮州路,"22.58931,120.3095"
1106,鎮東二街口,"22.59146,120.31131"
1107,共榮橋,"22.88495,120.55491"
1108,捷運凱旋站(輕軌前鎮之星站),"22.59518,120.31586"
1109,世貿廣場,"22.59768,120.31803"
1110,瑞祥高中(凱旋四路),"22.60266,120.32334"
1111,民族一路口,"22.66848,120.31596"
1112,輕軌機廠站,"22.60935,120.32561"
1113,輕軌凱旋二聖站,"22.61285,120.32716"
1114,三多二路口,"22.61949,120.32574"
1115,中正路口(凱旋一路),"22.63103,120.32129"
1116,建國路口(凱旋一路),"22.63332,120.32044"
1117,憲政路口,"22.63372,120.32604"
1118,廣善堂,"22.90209,120.53205"
1119,公館(甲仙),"23.07728,120.58241"
1120,大順覺民路口(科工館),"22.64011,120.32775"
1121,樹德家商,"22.64331,120.32668"
1122,正興國小,"22.64508,120.326"
1123,大慶街口,"22.65123,120.33264"
1124,育英醫專(大豐二路),"22.65002,120.33408"
1125,皓東路,"22.64925,120.33424"
1126,甲仙橋,"23.07995,120.58378"
1127,皓東路口,"22.64841,120.33192"
1128,育英醫專(大昌二路),"22.65049,120.33156"
1129,南溝路,"22.75324,120.30913"
1130,旗山監理站,"22.90059,120.47939"
1131,佛光山,"22.74926,120.44701"
1132,大昌二路(建工路口),"22.652,120.32973"
1133,貝殼館,"22.60254,120.27468"
1134,新光高中(民族路),"22.63643,120.38987"
1135,後庄國小,"22.6384,120.38929"
1136,甲樹路口(第二殯儀館橋頭分館),"22.7585,120.2971"
1137,圖書總館,"22.61069,120.30128"
1138,民眾服務站,"22.56426,120.33637"
1139,旗津國中(旗津二路),"22.58853,120.28565"
1140,鼓山高中,"22.65299,120.27586"
1141,綠川里(慈仁宮),"22.63542,120.28454"
1142,河邊里活動中心,"22.63972,120.28369"
1143,興田,"22.74203,120.4482"
1144,中華路口(七賢二路),"22.63337,120.29601"
1145,捷運西子灣站(出口1),"22.62193,120.27394"
1146,二苓路,"22.56548,120.34703"
1147,壽民路,"22.72156,120.29655"
1148,中都磚窯廠(川東里),"22.6404,120.28436"
1149,七賢二路口(中華三路),"22.63334,120.29442"
1150,三民市場,"22.63618,120.2933"
1151,中華二路口,"22.64238,120.29079"
1152,九如新村,"22.64328,120.28811"
1153,九如橋,"22.64431,120.28507"
1154,新興(大樹),"22.73736,120.4477"
1155,一德路,"22.60783,120.31044"
1156,六龜大佛,"23.05541,120.6769"
1157,左營市場,"22.68775,120.29372"
1158,半屏山(左營大路),"22.69392,120.29935"
1159,復興新村,"22.69623,120.30093"
1160,祥和山莊,"22.69767,120.30205"
1161,煉油廠(捷運世運站),"22.70275,120.3027"
1162,後昌路(左楠路口),"22.70798,120.30123"
1163,莒光新村(後昌路),"22.70807,120.29919"
1164,溪埔,"22.73201,120.44727"
1165,莒光國小,"22.71031,120.29621"
1166,慈愛大樓,"22.71302,120.29408"
1167,加宏路,"22.71673,120.29333"
1168,亞洲托兒所,"22.71819,120.29623"
1169,加昌國小,"22.72024,120.2964"
1170,德民路(外環西路口),"22.72354,120.29855"
1171,少年溪,"23.17197,120.77498"
1172,彩虹城,"22.72475,120.30074"
1173,加工區北門,"22.72521,120.30401"
1174,海專路口,"22.72628,120.30982"
1175,溪埔派出所,"22.72768,120.4445"
1176,高雄科大(楠梓),"22.72482,120.31314"
1177,加昌路口(捷運後勁站),"22.7237,120.31618"
1178,仁翔社區,"22.73679,120.33708"
1179,興楠路,"22.72995,120.33288"
1180,家樂福鼎山店,"22.65308,120.31923"
1181,崇實新村(左營南站),"22.67793,120.28659"
1182,成功商場,"22.63836,120.39059"
1183,鳳屏教會,"22.6368,120.39157"
1184,西子灣(英國領事館官邸),"22.61961,120.26642"
1185,文府國小(重忠路口),"22.69206,120.31389"
1186,旗津醫院(清靜寺),"22.59117,120.28539"
1187,開發內環西路口,"22.72006,120.30025"
1188,溪埔國小,"22.72253,120.44338"
1189,芳城市餐廳,"22.65208,120.34065"
1190,翠峰路,"22.67173,120.289"
1191,翠屏路,"22.72925,120.34981"
1192,那瑪夏區公所.衛生所,"23.27667,120.72052"
1193,新經一路,"22.72289,120.30956"
1194,民族陸橋,"22.64026,120.31526"
1195,民族社區(九如一路),"22.63992,120.31873"
1196,科工館,"22.63951,120.32301"
1197,大坑,"22.71771,120.44315"
1198,大順路口(九如一路),"22.63921,120.32639"
1199,九如大順路口,"22.63893,120.32867"
1200,民族國中(覺民路),"22.6405,120.33409"
1201,高速公路口,"22.63986,120.33786"
1202,義華路口(陽明路),"22.64185,120.34184"
1203,義華路,"22.64233,120.34328"
1204,夢裡活動中心,"22.66803,120.35805"
1205,澄新街,"22.67307,120.3564"
1206,小港分局,"22.5656,120.34404"
1207,二苓(二苓路),"22.56543,120.34826"
1208,洲仔,"22.71368,120.44124"
1209,二苓市場,"22.56538,120.34963"
1210,小港高中,"22.56678,120.35758"
1211,社教館,"22.56548,120.35891"
1212,新豐街口,"22.56707,120.3606"
1213,山明路(宏平路口),"22.56939,120.362"
1214,小港醫院(漢民路口),"22.56818,120.36249"
1215,宏文路口,"22.57146,120.36387"
1216,飛機路口,"22.57228,120.3651"
1217,高松路,"22.57276,120.36973"
1218,太平國小,"22.57269,120.37181"
1219,姑山國小,"22.70831,120.43819"
1220,大坪頂,"22.56432,120.38708"
1221,大坪里,"22.56463,120.38857"
1222,神農殿,"22.56432,120.38995"
1223,坪頂國小(高坪17街),"22.56123,120.39135"
1224,電信局(小港),"22.55952,120.39117"
1225,高坪23路一,"22.55553,120.38874"
1226,九龍寺,"22.56269,120.38861"
1227,旗津市場,"22.61224,120.26971"
1228,鳳陽社區,"22.61996,120.37326"
1229,民權一路,"22.62449,120.31168"
1230,國軍高雄總醫院,"22.62636,120.34229"
1231,正義路,"22.63165,120.33984"
1232,臺鐵正義站(正義路),"22.63375,120.34146"
1233,姑婆寮,"22.70505,120.43427"
1234,正義路口(九如一路),"22.63665,120.34257"
1235,林進興醫院(寶獅里),"22.63718,120.33959"
1236,民族國中(九如一路),"22.63836,120.333"
1237,山東街口,"22.64065,120.31211"
1238,青島街口,"22.64081,120.30974"
1239,自由路口(九如二路),"22.64087,120.30801"
1240,大連街口,"22.64115,120.30541"
1241,高雄車站(九如路),"22.64137,120.30211"
1242,哈爾濱街口,"22.64153,120.2998"
1243,鳳鳴電台,"22.64173,120.29736"
1244,實踐大學(校區),"22.90466,120.4677"
1245,崑明寺,"22.69997,120.4334"
1246,安東街口(九如二路),"22.64185,120.29549"
1247,通化街口,"22.64202,120.29308"
1248,瑞豐站(武營路),"22.60696,120.33801"
1249,北極殿(鳳山),"22.61095,120.33745"
1250,紫竹林精舍,"22.61233,120.33724"
1251,監理所(武營路),"22.61571,120.33683"
1252,武昌路口(武營路),"22.61808,120.33649"
1253,武營路,"22.62035,120.3362"
1254,三多一路口,"22.62277,120.33585"
1255,福德三路,"22.62188,120.32771"
1256,大樹活動中心,"22.69683,120.43347"
1257,建國一路口,"22.63223,120.32821"
1258,建工路口(高雄高工),"22.64948,120.32465"
1259,大豐二路口,"22.64613,120.33193"
1260,正忠路口,"22.64581,120.33044"
1261,大豐二路,"22.64626,120.32761"
1262,福安路口,"22.62814,120.32726"
1263,福東國小,"22.62449,120.32658"
1264,經二路,"22.72162,120.30722"
1265,瑞隆路,"22.60563,120.33183"
1266,崗山仔,"22.60544,120.32944"
1267,竹山亭,"22.87291,120.59311"
1268,憲德市場,"22.60522,120.32624"
1269,樂群國小,"22.60976,120.32183"
1270,光華國中,"22.61184,120.32251"
1271,廣西路口,"22.61476,120.32255"
1272,林西街口,"22.61756,120.32258"
1273,五權街口,"22.62018,120.32187"
1274,長青服務中心(和平一路),"22.62227,120.32105"
1275,師範大學(和平校區),"22.62523,120.31992"
1276,捷運文化中心站,"22.62954,120.31828"
1277,和平一路,"22.63243,120.31718"
1278,新甲國小,"22.61286,120.34068"
1279,和平一路口,"22.63374,120.31586"
1280,七賢一路,"22.63384,120.31415"
1281,重信路口,"22.68306,120.31225"
1282,民族路口(七賢一路),"22.63395,120.31263"
1283,錦田路口(七賢一路),"22.63407,120.31092"
1284,復興一路口,"22.63412,120.3091"
1285,七賢國小,"22.63429,120.3079"
1286,自強路口,"22.63251,120.29346"
1287,河東路口,"22.63063,120.28778"
1288,七賢三路口,"22.62963,120.28473"
1289,大公路,"22.62737,120.28315"
1290,重信博愛路口站(福山國中),"22.68305,120.31123"
1291,富野路口,"22.62817,120.28316"
1292,和平二路口,"22.60648,120.32136"
1293,瑞福路口,"22.60435,120.33633"
1294,公正路口,"22.60195,120.33276"
1295,南正二路口,"22.6002,120.32932"
1296,瑞祥國小,"22.59976,120.32619"
1297,瑞祥高中(班超路),"22.60239,120.32495"
1298,翠屏里活動中心,"22.72679,120.30278"
1299,聯勤大樓,"22.60852,120.31709"
1300,愛群社區,"22.6107,120.31208"
1301,旗尾國小,"22.88184,120.49187"
1302,林森三路口,"22.61211,120.30888"
1303,苓洲國小(自強三路),"22.61454,120.29952"
1304,五福路口(自強二路),"22.62204,120.29659"
1305,自強派出所,"22.62332,120.29617"
1306,前金國小(自強二路),"22.62643,120.29491"
1307,七賢二路口(自強一路),"22.6313,120.29302"
1308,開發經二路口,"22.72271,120.30733"
1309,津鳳宮,"22.90353,120.64872"
1310,海星幼稚園,"22.5928,120.28399"
1311,樂群路,"22.71792,120.29726"
1312,加昌樂群路口,"22.71592,120.29794"
1313,高雄女中(真愛碼頭),"22.62059,120.29209"
1314,果菜市場,"22.71434,120.29485"
1315,右昌國小,"22.71386,120.29299"
1316,加昌軍校路口,"22.7126,120.29152"
1317,右昌街口(軍校路),"22.70942,120.2929"
1318,左營禮拜堂(海功路),"22.6936,120.29353"
1319,葆禎路口,"22.66207,120.28117"
1320,日昌路口,"22.66044,120.27997"
1321,內惟派出所,"22.65843,120.27865"
1322,高雄電台,"22.65547,120.27878"
1323,六合二路口,"22.63113,120.29504"
1324,小圓環,"22.62845,120.29604"
1325,市立中醫醫院(大同醫院),"22.62675,120.29669"
1326,中央公園,"22.62345,120.29805"
1327,文安二街口,"22.70594,120.35355"
1328,六合夜市(大港埔),"22.63379,120.30225"
1329,加油站(六龜),"22.99053,120.63655"
1330,軍校路,"22.69761,120.29241"
1331,光華國中(二聖一路),"22.61256,120.32112"
1332,中正高工(二聖一路),"22.61279,120.31922"
1333,南寧街口,"22.6131,120.31702"
1334,民權公園(二聖二路),"22.6135,120.31383"
1335,修文街口,"22.61393,120.31051"
1336,二聖二路口,"22.61468,120.3087"
1337,林森二路,"22.61636,120.30808"
1338,苓雅國中(林森二路),"22.61933,120.30691"
1339,青年路口(林森二路),"22.621,120.30626"
1340,崙仔頂(福安),"22.88931,120.50523"
1341,新興高中(新堀江),"22.62395,120.30513"
1342,新興國小,"22.62674,120.30431"
1343,新興市場,"22.62868,120.30442"
1344,郵政總局(捷運美麗島站),"22.6306,120.30456"
1345,電信總局,"22.63342,120.30484"
1346,三民路,"22.72409,120.34922"
1347,中都街口,"22.64139,120.28725"
1348,錦安,"22.97276,120.64055"
1349,台安街口,"22.64089,120.28865"
1350,同盟三路,"22.63835,120.28528"
1351,慈德堂,"22.64722,120.25368"
1352,香蕉棚(棧二庫棧二之一庫),"22.61931,120.27853"
1353,左營火車站,"22.67506,120.29388"
1354,南福街口,"22.60951,120.34864"
1355,許厝(凱旋路口),"22.61162,120.34993"
1356,五甲社區,"22.61414,120.35209"
1357,興隆寺,"22.66849,120.31257"
1358,東埔派出所,"23.02809,120.47313"
1359,臺鐵科工館站,"22.63693,120.32727"
1360,金山路口,"22.66262,120.32182"
1361,高坪25街口,"22.55741,120.38849"
1362,鼎金國小,"22.65701,120.32134"
1363,北極殿(左營),"22.66855,120.31042"
1364,建軍站(往火車站),"22.62492,120.34339"
1365,捷運信義國小站(中正路),"22.63087,120.31187"
1366,新興區公所(捷運信義國小),"22.63097,120.30982"
1367,仁愛街口,"22.63114,120.3078"
1368,郵政總局,"22.63165,120.30473"
1369,歷史博物館(高雄國際會議中心),"22.62615,120.28671"
1370,輕軌駁二蓬萊站(高雄港),"22.62107,120.2794"
1371,亞洲城社區,"22.72251,120.29527"
1372,後昌新路口,"22.72181,120.29171"
1373,仁壽宮,"22.72828,120.28313"
1374,南藍田(高雄大學),"22.72708,120.28011"
1375,援中國小(藍田路),"22.72643,120.27851"
1376,興中橋,"22.72146,120.27964"
1377,智昌街,"22.71966,120.28423"
1378,元昌街口,"22.72149,120.28773"
1379,國昌國中,"22.71948,120.28691"
1380,駁二藝術特區,"22.62086,120.28164"
1381,右昌街口(德民路),"22.71815,120.28451"
1382,三山街,"22.71446,120.28413"
1383,右昌國中,"22.71436,120.28761"
1384,元帥廟,"22.71173,120.28738"
1385,永康新村,"22.70948,120.29179"
1386,捷運鹽埕埔站(五福四路),"22.62316,120.2843"
1387,左營區公所,"22.69002,120.29458"
1388,文德國小,"22.64055,120.3521"
1389,左營國小,"22.69085,120.29241"
1390,軍校路(海功路口),"22.69326,120.29247"
1391,三山街口(盛昌街),"22.71269,120.28616"
1392,後昌路(吉昌街口),"22.71651,120.28911"
1393,藍昌路口,"22.71742,120.29086"
1394,塑膠廠,"22.71565,120.29919"
1395,楠梓加工區,"22.71683,120.30235"
1396,東門入口,"22.71913,120.30849"
1397,加昌路,"22.71985,120.31035"
1398,後勁國小(捷運後勁站),"22.72116,120.3136"
1399,後勁國中(捷運後勁站),"22.72186,120.31564"
1400,東翠屏里,"22.72812,120.31261"
1401,監理所(都會公園),"22.73113,120.31658"
1402,大智路(光榮國小),"22.6235,120.28649"
1403,高楠路,"22.73113,120.32022"
1404,新庄,"22.7461,120.30293"
1405,二苓國小(捷運小港站),"22.56567,120.35175"
1406,合群新村,"22.56559,120.36493"
1407,山沓,"22.56562,120.36742"
1408,高雄餐旅大學(營口路),"22.56624,120.37066"
1409,高松(營口路),"22.57182,120.37099"
1410,高松市場,"22.57334,120.37112"
1411,水利工作站,"22.5754,120.37128"
1412,東高雄,"22.58414,120.36896"
1413,金城路,"22.58274,120.36572"
1414,金城路口,"22.58131,120.36546"
1415,合作一村,"22.58139,120.3623"
1416,孔鳳路,"22.58149,120.35931"
1417,桂林,"22.58198,120.35525"
1418,二甲,"22.59894,120.3397"
1419,桂陽路,"22.582,120.35271"
1420,桂林國小,"22.5821,120.35018"
1421,明聖街,"22.58218,120.34675"
1422,中安路口(明聖街),"22.58253,120.3445"
1423,中厝里,"22.58317,120.34162"
1424,右昌(三山街口),"22.71086,120.2894"
1425,明正里,"22.58305,120.33549"
1426,捷運公司(捷運草衙站),"22.58249,120.33205"
1427,捷運前鎮高中站(五甲三路口),"22.58929,120.32164"
1428,鎮海路口,"22.59216,120.31941"
1429,捷運凱旋站,"22.59684,120.31573"
1430,光華路口(中山三路),"22.60245,120.31107"
1431,勞工公園(民權二路),"22.60601,120.30995"
1432,復興國小,"22.6079,120.3119"
1433,文殊講堂,"22.61099,120.3137"
1434,民權公園,"22.61407,120.31454"
1435,福義街口,"22.89101,120.50863"
1436,三多市場(民權二路),"22.61633,120.31467"
1437,仁林路口(澄觀路二段),"22.70222,120.35992"
1438,北草衙,"22.5808,120.32289"
1439,凱旋四路口,"22.59521,120.31622"
1440,金獅湖站,"22.66574,120.32179"
1441,金鼎路,"22.66482,120.32242"
1442,三民高中(金鼎路),"22.66326,120.32671"
1443,大裕路,"22.66057,120.32853"
1444,大裕路口,"22.65908,120.32811"
1445,大福街,"22.65774,120.32613"
1446,霞海東二街口,"22.68791,120.32305"
1447,大裕幼稚園,"22.65599,120.32828"
1448,本館里,"22.659,120.32957"
1449,昌富街口,"22.65778,120.33083"
1450,本館里活動中心,"22.65571,120.33104"
1451,建工市場,"22.65386,120.33124"
1452,義德路口(大豐二路),"22.64686,120.33449"
1453,覺民路口(大昌二路),"22.64169,120.33212"
1454,高雄女中(成功一路),"22.62272,120.29432"
1455,前金國小(成功一路),"22.62521,120.29337"
1456,新聞報,"22.6273,120.29255"
1457,九番埤濕地公園,"22.68492,120.32486"
1458,鼎金後路,"22.66983,120.32521"
1459,鼎貴路,"22.67238,120.32471"
1460,鼎安路口,"22.67381,120.32385"
1461,天祥路口(鼎中路),"22.66629,120.31938"
1462,鼎中路,"22.66378,120.31925"
1463,金山路,"22.66186,120.32012"
1464,鼎西里,"22.66067,120.32201"
1465,莊敬國小,"22.65599,120.32301"
1466,立志工商,"22.65368,120.32614"
1467,覺民路,"22.64081,120.33095"
1468,口湖,"22.94852,120.46739"
1469,正德佛堂,"22.65047,120.34274"
1470,湖內分局,"22.88589,120.24503"
1471,五甲國小,"22.59836,120.33626"
1472,捷運三多商圈站(中山二路),"22.6129,120.3048"
1473,勞工公園(捷運獅甲站),"22.60547,120.30821"
1474,南和路口,"22.59042,120.33842"
1475,朱天宮,"22.96668,120.64187"
1476,明正社區,"22.58302,120.32608"
1477,小港國中,"22.56726,120.33781"
1478,職訓中心(中林路),"22.53849,120.36871"
1479,本館路口,"22.6551,120.33515"
1480,高坪66路,"22.55974,120.38291"
1481,高坪27街口,"22.55805,120.38509"
1482,鳳林國小(鳳林路),"22.52666,120.34239"
1483,青山國小,"22.57315,120.36201"
1484,泰山里,"22.57307,120.36443"
1485,北江街口,"22.58986,120.32059"
1486,翠亨北路,"22.5917,120.3189"
1487,大中路口(華夏路),"22.6818,120.30591"
1488,中山二路,"22.60989,120.30597"
1489,苓雅市場,"22.61693,120.29676"
1490,正興國中,"22.64396,120.31966"
1491,富民路口,"22.66579,120.30454"
1492,富國路,"22.66341,120.30669"
1493,水利會,"22.66102,120.30769"
1494,七賢路口,"22.63453,120.29771"
1495,自立河北路口,"22.63709,120.29676"
1496,崗山市場,"22.60733,120.33353"
1497,崗山北街口,"22.60987,120.33315"
1498,鐵路機料廠,"22.61287,120.33272"
1499,鐵路機廠,"22.61713,120.33225"
1500,武慶三路,"22.61972,120.33196"
1501,五塊厝(武慶三路),"22.62145,120.33178"
1502,愛國國小,"22.64474,120.31322"
1503,五權國小(三多二路),"22.62028,120.3238"
1504,和平路口,"22.61951,120.32153"
1505,林德官(三和市場),"22.61901,120.31991"
1506,光華路口(光華夜市),"22.61822,120.31746"
1507,三多市場(三多三路),"22.61709,120.31404"
1508,勤和里,"23.17047,120.77502"
1509,漢神百貨,"22.6193,120.29587"
1510,新興(六龜),"22.91735,120.63918"
1511,龍勝路口(凹仔底公園),"22.6611,120.29543"
1512,高醫(十全路),"22.64499,120.3094"
1513,華榮公園,"22.66292,120.2971"
1514,後勁,"22.7186,120.31043"
1515,後勁派出所,"22.71511,120.30936"
1516,後勁宿舍,"22.71167,120.30824"
1517,國光中學,"22.70827,120.306"
1518,捷運油廠國小站,"22.70797,120.30316"
1519,勝利路,"22.68073,120.28965"
1520,海功東路,"22.69351,120.2998"
1521,博愛路口(崇德路),"22.6753,120.30438"
1522,至真路口,"22.67224,120.30415"
1523,漢神巨蛋,"22.6684,120.30321"
1524,捷運巨蛋站,"22.66507,120.30316"
1525,明誠路口(博愛二路),"22.66157,120.30301"
1526,捷運凹子底站,"22.65698,120.30324"
1527,龍德路口(博愛一路),"22.65412,120.30348"
1528,崇德路,"22.67696,120.3018"
1529,捷運世運站(左楠路),"22.70008,120.30241"
1530,龍子里,"22.65173,120.29189"
1531,變電所(中華二路),"22.6466,120.29162"
1532,永昇國術館,"22.90598,120.63245"
1533,九如三路口,"22.64245,120.29138"
1534,台糖物流,"22.59819,120.30396"
1535,輕軌經貿園區站,"22.6009,120.30272"
1536,平和路,"22.56857,120.33095"
1537,勞工行政中心(捷運前鎮高中站),"22.58872,120.32159"
1538,天祥一路,"22.66777,120.31885"
1539,建楠路口,"22.72728,120.3294"
1540,楠梓陸橋,"22.72485,120.32377"
1541,福檳社區,"22.68655,120.32037"
1542,社頭,"22.88974,120.32232"
1543,加昌站,"22.71908,120.29858"
1544,東林金鋁街口,"22.54393,120.3756"
1545,天津街口,"22.64565,120.3014"
1546,十全國小,"22.64587,120.29821"
1547,民益路,"22.56722,120.34792"
1548,航警局,"22.57125,120.34862"
1549,山東里,"22.5733,120.35086"
1550,青島里,"22.57326,120.35415"
1551,山明路口(宏平路),"22.56994,120.36011"
1552,廠邊三路口(宏平路),"22.56999,120.35778"
1553,金府路口,"22.56997,120.3552"
1554,宏平路,"22.56984,120.35149"
1555,市立空大,"22.56706,120.34473"
1556,金馬賓館當代美術館,"22.62782,120.27913"
1557,港務公司(西子灣隧道),"22.62403,120.27023"
1558,雄鎮北門(打狗英國領事館),"22.61754,120.26739"
1559,海水浴場,"22.62533,120.26483"
1560,山海宮,"22.64448,120.25421"
1561,清豐里,"22.7384,120.33561"
1562,華夏路口(大中二路),"22.68278,120.30797"
1563,民壯路口,"22.63945,120.34014"
1564,六龜站(六龜高中),"22.99295,120.63565"
1565,捷運生態園區站(重上街口),"22.67567,120.30605"
1566,左營國中,"22.67861,120.30816"
1567,曾子路,"22.67719,120.3101"
1568,藍田路口,"22.72597,120.29172"
1569,人道國際飯店,"22.63862,120.33148"
1570,楠梓高中(清豐路口),"22.74309,120.33081"
1571,海功路口,"22.69472,120.29245"
1572,哈囉市場(孔廟),"22.69115,120.30088"
1573,翠明路,"22.68955,120.30157"
1574,高坪50路口,"22.55542,120.3862"
1575,輕軌凱旋中華站(鎮興路),"22.59304,120.31155"
1576,警廣站(重忠路),"22.68824,120.31676"
1577,文府國小,"22.69107,120.31432"
1578,文自路口,"22.68538,120.31552"
1579,七老爺,"22.6083,120.34797"
1580,高雄科大(建工),"22.65171,120.32809"
1581,高等法院,"22.66128,120.29888"
1582,路竹中華路,"22.85028,120.24902"
1583,北平一街一,"22.65004,120.30589"
1584,高雄市立美術館,"22.65691,120.2883"
1585,大中路口一(華夏路),"22.68374,120.30841"
1586,新光國小,"22.68068,120.30453"
1587,崇德路口(華夏路),"22.6765,120.30069"
1588,同心新村,"22.6742,120.29905"
1589,南屏路口,"22.66993,120.29647"
1590,華榮路,"22.6677,120.29587"
1591,光陽路竹廠,"22.82445,120.26711"
1592,裕誠路口(華榮路),"22.66625,120.29691"
1593,自由二路口,"22.66472,120.30933"
1594,鼎山街,"22.6592,120.32194"
1595,大順二路,"22.65083,120.32278"
1596,左營新光三越,"22.68899,120.31072"
1597,三民家商,"22.66585,120.30086"
1598,外環西路,"22.72145,120.29884"
1599,重平路口,"22.68543,120.31101"
1600,城峰路,"22.67643,120.29242"
1601,翠華國宅,"22.67491,120.29053"
1602,翠華社區,"22.67248,120.29185"
1603,大崎腳(內門),"23.00594,120.51042"
1604,翠屏路口(惠民路),"22.72497,120.29914"
1605,圖書資訊大樓,"22.73452,120.28596"
1606,學生第一宿舍,"22.73583,120.27779"
1607,籃球場,"22.73239,120.27767"
1608,南聖街口,"22.58829,120.30798"
1609,果菜公司,"22.64506,120.31427"
1610,重立路口,"22.67841,120.31342"
1611,博愛三路,"22.68003,120.30891"
1612,社尾路口,"22.89168,120.31524"
1613,大學17街口,"22.73144,120.28047"
1614,蘇家古厝,"22.89389,120.31055"
1615,青旗里,"22.89105,120.31922"
1616,桃子園,"22.67153,120.2859"
1617,雄鋒社區(鼓山三路),"22.6685,120.28272"
1618,銘傳路口(鼓山三路),"22.66684,120.28143"
1619,自強新村,"22.66512,120.28025"
1620,內惟,"22.66238,120.27786"
1621,旗尾(旗美高中),"22.8823,120.49419"
1622,內惟橋,"22.65941,120.27597"
1623,龍泉寺,"22.65606,120.27523"
1624,九如國小,"22.65181,120.27737"
1625,果貿里活動中心,"22.67066,120.28835"
1626,高坪22路口,"22.5593,120.3886"
1627,高坪23路二,"22.56129,120.38864"
1628,美國學校,"22.67712,120.2936"
1629,大學17街大學26街口,"22.73019,120.28172"
1630,蓮池潭(翠華路),"22.67802,120.29673"
1631,盛昌街口(三山街),"22.71246,120.28574"
1632,靜和醫院,"22.78095,120.41683"
1633,小港高中(大鵬路),"22.56481,120.35844"
1634,八五大樓,"22.61239,120.30001"
1635,環區三路口,"22.60764,120.28548"
1636,常德路,"22.73933,120.337"
1637,大成街口(輕軌真愛碼頭站),"22.62119,120.28855"
1638,大智路口(五福四路),"22.62195,120.28695"
1639,壽豐路口,"22.72338,120.29419"
1640,三多二路口(光華夜市),"22.61887,120.31749"
1641,四維路口(光華一路),"22.62076,120.31684"
1642,苓雅一路口,"22.6225,120.31625"
1643,青年路口(光華一路),"22.62349,120.31585"
1644,四維國小(青年一路),"22.6238,120.3134"
1645,二聖公正路口,"22.61226,120.33111"
1646,民權路口(青年一路),"22.62313,120.31132"
1647,國民市場,"22.62217,120.30852"
1648,青年一路,"22.62154,120.30666"
1649,仁智街口,"22.6204,120.30315"
1650,仁德街口(青年二路),"22.61964,120.30088"
1651,青年二路,"22.61866,120.29832"
1652,文衡澄清路口,"22.64152,120.34724"
1653,捷運草衙站(翠亨南路),"22.57956,120.329"
1654,忠誠路,"22.65417,120.36398"
1655,臺鐵鼓山站,"22.64198,120.27848"
1656,明鳳三路口,"22.58318,120.3375"
1657,幸福新城,"22.72378,120.29113"
1658,小港國小,"22.56253,120.33541"
1659,德昌路(德昌街),"22.58118,120.31886"
1660,前鎮行政中心,"22.58777,120.31792"
1661,興仁國中,"22.58653,120.3141"
1662,興仁路,"22.58489,120.31052"
1663,前鎮國小,"22.58491,120.30876"
1664,前鎮輪渡站,"22.58788,120.30636"
1665,仁和南街,"22.70051,120.34834"
1666,同安路,"22.58356,120.31747"
1667,三山國王廟,"22.6259,120.28376"
1668,富國路口,"22.66533,120.30731"
1669,北右昌(後昌新路),"22.71974,120.29144"
1670,金福路口(翠亨南路),"22.57712,120.33105"
1671,高雄花市,"22.57458,120.33206"
1672,崇安街口,"22.57238,120.33387"
1673,豐田街口,"22.57072,120.3351"
1674,忠孝路口(四維三路),"22.61844,120.30811"
1675,大業北路,"22.56301,120.34802"
1676,沿海路口,"22.54037,120.37094"
1677,二苓(大業北路),"22.56477,120.34656"
1678,土庫六路,"22.74216,120.33288"
1679,清豐里活動中心,"22.73923,120.33278"
1680,燕巢區公所(中安路),"22.78848,120.36162"
1681,中西路,"22.79122,120.35951"
1682,輕軌高雄展覽館站(新光碼頭),"22.61092,120.29881"
1683,燕巢區公所(中興路),"22.78808,120.36245"
1684,立信路口,"22.66604,120.30894"
1685,鼎貴路口(獅湖國小),"22.67246,120.32319"
1686,德惠路口,"22.72617,120.30218"
1687,大學南路(藍昌路口),"22.73243,120.29152"
1688,鳳山商工,"22.63585,120.35743"
1689,大學21路一,"22.72314,120.27946"
1690,大學21路二,"22.72725,120.28191"
1691,捷運生態園區站(博愛公園),"22.67689,120.30657"
1692,忠言路,"22.65826,120.30624"
1693,明誠路口(自由二路),"22.66041,120.30888"
1694,河堤路口(明誠二路),"22.66019,120.31269"
1695,捷運後驛站,"22.64821,120.30318"
1696,民族社區(民族一路),"22.64093,120.31391"
1697,北平一街二,"22.64984,120.30759"
1698,同盟一路口,"22.64931,120.30907"
1699,高醫(高雄醫學大學),"22.64651,120.30892"
1700,南訓中心(凱旋四路),"22.59306,120.30798"
1701,建興停車場,"22.64792,120.32114"
1702,建興路一,"22.64586,120.32348"
1703,建興市場,"22.6445,120.32496"
1704,科工館(覺民路),"22.64176,120.3238"
1705,捷運凱旋站1(輕軌前鎮之星站),"22.59573,120.31544"
1706,南七路口,"22.5898,120.29524"
1707,捷運信義國小站(民族路),"22.63177,120.31318"
1708,南四路口,"22.593,120.29317"
1709,南一路口,"22.59754,120.29029"
1710,加油站(前鎮科技產業園區),"22.60122,120.2906"
1711,東六街,"22.60367,120.28962"
1712,東十二街,"22.60459,120.28905"
1713,北一路,"22.60685,120.28757"
1714,西十二街,"22.60563,120.28841"
1715,西六街,"22.60336,120.28983"
1716,中六路,"22.60081,120.29203"
1717,南二路口,"22.59738,120.29406"
1718,鳥松國中,"22.66551,120.3711"
1719,店北路口,"22.56357,120.35027"
1720,獅甲國小,"22.60698,120.30665"
1721,清水寺(六龜),"22.87491,120.59566"
1722,中正高工(國軍高雄門診中心),"22.60985,120.31716"
1723,英明國中,"22.61605,120.32508"
1724,鄭和南路口,"22.60532,120.31557"
1725,藝術公園,"22.60545,120.31318"
1726,美術東六街口(明誠四路),"22.66105,120.2913"
1727,民康街口,"22.66187,120.29421"
1728,裕豐街口,"22.66486,120.29488"
1729,大昌二路口,"22.6435,120.33265"
1730,德民黃昏市場,"22.72053,120.28838"
1731,興中二路口,"22.61642,120.3036"
1732,高雄展覽館,"22.60908,120.29959"
1733,苓雅路口(中山二路),"22.61957,120.30258"
1734,新田路口(中山二路),"22.62263,120.30129"
1735,同盟路口,"22.65057,120.30344"
1736,中智路口,"22.53311,120.36142"
1737,中利路口,"22.5302,120.3576"
1738,中心路口,"22.52669,120.34894"
1739,大林浦煉油廠,"22.52917,120.34663"
1740,鳳林國小(鳳西街),"22.52572,120.34364"
1741,鳳西街,"22.52418,120.34525"
1742,龍興路,"22.51493,120.35606"
1743,鳳鼻頭(鳳鳴路),"22.5118,120.36116"
1744,鳳鼻頭港,"22.50985,120.36163"
1745,輕軌軟體園區站,"22.60475,120.3012"
1746,邦坑,"22.5173,120.35582"
1747,高雄公園(捷運高雄國際機場站),"22.56879,120.34368"
1748,廈門街口,"22.62533,120.31496"
1749,市政大樓(四維三路),"22.61997,120.31149"
1750,苓雅國中,"22.61761,120.30502"
1751,新田路口(中華四路),"22.62114,120.29892"
1752,苓雅路口(中華四路),"22.61794,120.30009"
1753,興中路口,"22.61765,120.31123"
1754,苓洲國小(中華四路),"22.61465,120.30145"
1755,正勤社區(中華五路),"22.60247,120.30614"
1756,南門(兵仔市),"22.62074,120.35682"
1757,三民國中,"22.64521,120.30588"
1758,正勤路,"22.60212,120.3035"
1759,鹽埕中路口,"22.78859,120.24491"
1760,中林路,"22.53643,120.36596"
1761,喜樂廣場,"22.96553,120.54321"
1762,嶺口(旗甲公路),"22.77486,120.45039"
1763,長青服務中心,"22.62324,120.32172"
1764,捷運青埔站,"22.74377,120.31757"
1765,菜堂寮,"22.83046,120.3466"
1766,中華路555巷,"22.85161,120.24976"
1767,橋頭區公所(隆豐路),"22.7576,120.30512"
1768,慈濟靜思堂,"22.65409,120.30864"
1769,正勤社區,"22.60272,120.30541"
1770,頂厝(阿蓮),"22.89101,120.32093"
1771,石安里,"22.89379,120.30826"
1772,南台路口,"22.63092,120.30075"
1773,同慶路,"22.62738,120.32051"
1774,明倫路口,"22.66578,120.29739"
1775,捷運五塊厝站(福德三路),"22.62912,120.32764"
1776,南屏別院,"22.65827,120.30781"
1777,屏山國小,"22.69354,120.30211"
1778,文衡文平街口,"22.64114,120.34953"
1779,加工區(中央路),"22.72338,120.30382"
1780,中華復興路口,"22.60573,120.30507"
1781,民昌街,"22.71791,120.28863"
1782,管仲南路口,"22.60525,120.31571"
1783,捷運巨蛋站(裕誠路),"22.66572,120.3028"
1784,聖和公園(輕軌凱旋二聖站),"22.61211,120.32388"
1785,朝天宮(明鳳三路),"22.58485,120.33684"
1786,菜公一路口,"22.68723,120.30459"
1787,慈濟靜思堂(龍華國中),"22.65666,120.30961"
1788,愛之船國賓站,"22.62402,120.29035"
1789,自強中正路口,"22.62919,120.29385"
1790,家樂福愛河店,"22.63372,120.28577"
1791,龍德路口(大順一路),"22.65469,120.29679"
1792,中華五路,"22.60784,120.30427"
1793,河西華安街口,"22.64783,120.28338"
1794,大順民族路口,"22.65571,120.315"
1795,鼎中路(天祥一路口),"22.66853,120.32005"
1796,曾子路(原生植物園),"22.68235,120.30368"
1797,立文路口,"22.66423,120.30333"
1798,大學32街口,"22.73142,120.29234"
1799,英明三多二路口,"22.61939,120.32366"
1800,捷運三多商圈站(興中二路口),"22.61506,120.30399"
1801,大昌二路(皓東路口),"22.64765,120.33195"
1802,育英醫專(皓東路),"22.64834,120.33303"
1803,春陽街口,"22.64858,120.33488"
1804,半屏山後巷,"22.68936,120.30618"
1805,鳳北路,"22.52839,120.34392"
1806,新光路口(圖書總館),"22.6101,120.30337"
1807,觀音寺,"22.52834,120.34145"
1808,鳳北路口,"22.52729,120.34104"
1809,明誠鼎山街口,"22.66019,120.32262"
1810,莊敬公園,"22.65965,120.32523"
1811,三民高中(明誠一路),"22.65977,120.32816"
1812,明吉路,"22.66319,120.31361"
1813,明哲路口,"22.66055,120.31401"
1814,龍華國小,"22.65506,120.29893"
1815,福興街口,"22.71504,120.28123"
1816,三多四路口,"22.61288,120.30228"
1817,久昌街,"22.71253,120.28265"
1818,盛昌街,"22.71125,120.28485"
1819,五甲新村,"22.61722,120.35416"
1820,建榮路口,"22.65893,120.27855"
1821,鼓山國中,"22.65072,120.27637"
1822,華安街口,"22.64791,120.27706"
1823,厚德路口,"22.64722,120.27782"
1824,河南二路口,"22.63273,120.28855"
1825,河邊里,"22.6416,120.28251"
1826,旗津漁港,"22.59045,120.28678"
1827,海岸公園,"22.60232,120.27514"
1828,泰安路,"22.90184,120.53835"
1829,梅山口,"23.26408,120.82574"
1830,沿海一路,"22.5621,120.35595"
1831,唐榮公司,"22.54488,120.3693"
1832,大安森林,"22.50875,120.36633"
1833,中門7-11站,"22.50508,120.37131"
1834,港埔派出所,"22.5041,120.37648"
1835,頂厝路口,"22.50351,120.37981"
1836,田厝路口,"22.50005,120.3871"
1837,國泰人壽,"22.50152,120.39788"
1838,捷運三多商圈站(一心二路),"22.61367,120.30527"
1839,小山,"22.88187,120.55872"
1840,中化小港廠,"22.53524,120.3643"
1841,大業南路,"22.52997,120.36686"
1842,鳳林國中,"22.52161,120.34883"
1843,龍鳳公園,"22.51728,120.35321"
1844,岐山一路口,"22.51618,120.35432"
1845,歧山二路,"22.51786,120.35434"
1846,鳳華路,"22.52391,120.34863"
1847,鳳林路,"22.52519,120.34763"
1848,大林浦,"22.52662,120.34628"
1849,鳳林宮,"22.52738,120.34459"
1850,松正路口,"22.57083,120.37585"
1851,上林路口,"22.53361,120.36881"
1852,大汕國小,"22.5875,120.28864"
1853,小港郵局(中智街),"22.52976,120.36561"
1854,新威派出所,"22.90193,120.6281"
1855,德維街口,"22.7273,120.31049"
1856,德祥路口,"22.72695,120.3072"
1857,德賢路口,"22.72646,120.30521"
1858,鳳鼻頭(沿海路),"22.51255,120.36175"
1859,龍鳳路,"22.52273,120.34774"
1860,職訓中心(大業南路),"22.53625,120.37038"
1861,中智路,"22.53288,120.36288"
1862,鳳林路一段,"22.50688,120.39661"
1863,裕誠路口(大順一路),"22.6539,120.2944"
1864,市政大樓(民權一路),"22.61918,120.31355"
1865,龍安宮,"22.68784,120.41199"
1866,大智路口(大仁北路),"22.66452,120.36216"
1867,大舍西路,"22.7457,120.25906"
1868,赤東圖書館,"22.73919,120.24903"
1869,赤崁南路,"22.73736,120.24778"
1870,梓官區農會,"22.73226,120.25055"
1871,蚵仔寮漁港,"22.72696,120.25582"
1872,嘉好路,"22.73474,120.25461"
1873,代天府,"22.73733,120.25925"
1874,大學西路口,"22.72576,120.28114"
1875,三里活動中心,"22.56426,120.3375"
1876,廣澤市場,"22.7306,120.25146"
1877,武嶺路口,"22.62899,120.26347"
1878,赤崁社區,"22.74366,120.25586"
1879,過溝巷口,"22.50126,120.38418"
1880,海墘路口,"22.50748,120.36816"
1881,天祥路口(民族一路),"22.6678,120.31689"
1882,三多復興路口,"22.61659,120.31233"
1883,政德路,"22.68165,120.30408"
1884,大社區公所(中山路),"22.73196,120.34706"
1885,仁武特殊教育學校,"22.68318,120.34686"
1886,澄觀路口,"22.6809,120.34016"
1887,八德西路,"22.68698,120.33644"
1888,八德一路口,"22.69218,120.33241"
1889,橋頭國中,"22.75881,120.30715"
1890,橋頭區公所(白樹路),"22.75846,120.30536"
1891,高苑工商,"22.7575,120.29215"
1892,長潤橋,"22.76221,120.27773"
1893,梓官國小,"22.76052,120.26463"
1894,舊莊,"22.98095,120.63793"
1895,探索體驗學園,"22.77289,120.25562"
1896,仕元路口,"22.75595,120.29723"
1897,芋寮路,"22.76,120.2863"
1898,中崙路,"22.76173,120.27306"
1899,梓義第三公園,"22.76118,120.26965"
1900,漁港公園,"22.48571,120.40003"
1901,高雄市議會(忠孝國中),"22.61995,120.34725"
1902,國昌路口(國泰路二段),"22.61709,120.35183"
1903,台糖花卉市場,"22.61415,120.35831"
1904,誠義路口,"22.61259,120.36036"
1905,三多三路,"22.61546,120.30881"
1906,誠義里,"22.60848,120.36054"
1907,中正預校(鳳頂路口),"22.60734,120.36171"
1908,田中央路口,"22.59579,120.3595"
1909,中安路口(鳳頂路),"22.58587,120.3587"
1910,孔鳳路口,"22.58385,120.35863"
1911,朝鳳寺(紅毛港路),"22.58571,120.34299"
1912,國慶六街,"22.58685,120.34065"
1913,濟天宮(明鳳三路),"22.58698,120.33732"
1914,東林路,"22.54263,120.37388"
1915,坪頂國小(大平路),"22.56143,120.39198"
1916,新厝路公墓,"22.56149,120.40231"
1917,新厝路,"22.5612,120.40772"
1918,新厝路口,"22.56115,120.41038"
1919,營房(大寮),"22.55425,120.41761"
1920,過溪路口,"22.57544,120.41623"
1921,金皇公司,"22.57759,120.41016"
1922,旗津國中(中洲二路),"22.58948,120.28662"
1923,佛德街口,"22.57617,120.32302"
1924,佛公國小(臨廣科技產業園區),"22.57353,120.31937"
1925,漁港東二路口,"22.57279,120.31893"
1926,漁港南一路口,"22.57141,120.32012"
1927,旗山北站,"22.89599,120.48374"
1928,敦和街,"22.57103,120.29984"
1929,鳳天宮,"22.57294,120.29863"
1930,廣濟宮,"22.57617,120.29601"
1931,頂風埤,"22.58347,120.29017"
1932,新生路口,"22.58081,120.31321"
1933,中華路口(旗山),"22.89273,120.48342"
1934,電信局(旗津),"22.60353,120.27547"
1935,中洲路,"22.60615,120.27371"
1936,旗津國小,"22.60821,120.27229"
1937,活動中心(旗津區),"22.61058,120.27089"
1938,仁愛國小,"22.58215,120.31711"
1939,旗津輪渡站,"22.61381,120.26972"
1940,旗后燈塔,"22.61437,120.26724"
1941,天后宮(通山路),"22.61293,120.26878"
1942,地藏王廟,"22.5962,120.28124"
1943,大汕頭,"22.58606,120.28933"
1944,捷運草衙站,"22.57987,120.32819"
1945,捷運前鎮高中站,"22.58799,120.32166"
1946,延平路(旗山區公所),"22.88758,120.48321"
1947,水美加油站,"22.65826,120.39951"
1948,水寮國小,"22.66699,120.40777"
1949,九曲里,"22.64851,120.42133"
1950,自來水公司(鳳山),"22.62881,120.36196"
1951,慈育街口,"22.66967,120.36038"
1952,華欣路口,"22.671,120.29616"
1953,東門路口,"22.6712,120.29488"
1954,瑞豐市場,"22.66931,120.29414"
1955,中和里一,"22.72383,120.27695"
1956,中和里二,"22.72918,120.27296"
1957,旗山轉運站,"22.88373,120.48433"
1958,保安宮(梓官),"22.72941,120.25596"
1959,半屏山公園,"22.69148,120.30292"
1960,文武里,"22.70376,120.35381"
1961,北屋社區,"22.68414,120.33961"
1962,八卦農會,"22.68555,120.33872"
1963,仁武倉庫,"22.69821,120.32919"
1964,高鐵基地,"22.69509,120.32098"
1965,建興路,"22.64656,120.32282"
1966,十全路口,"22.64505,120.3029"
1967,後備指揮部,"22.67227,120.33144"
1968,鼎金里,"22.6681,120.32573"
1969,金獅湖,"22.66607,120.32512"
1970,民裕街口,"22.6066,120.31466"
1971,台鋁新村,"22.61049,120.31029"
1972,復興三路,"22.61212,120.31116"
1973,愛群國小,"22.61444,120.3118"
1974,市政大樓(復興二路),"22.62038,120.31034"
1975,青年路口(復興二路),"22.62312,120.30917"
1976,高雄高商(復興二路),"22.62439,120.30878"
1977,新光三越(捷運三多商圈站),"22.61447,120.3061"
1978,五福路口(復興二路),"22.62606,120.30811"
1979,民生路口,"22.62884,120.30806"
1980,中正路口(復興一路),"22.63191,120.3082"
1981,復興一路,"22.636,120.30856"
1982,樹人路,"22.58932,120.31915"
1983,鼓山三路,"22.64493,120.27775"
1984,元亨寺(鼓山二路),"22.64026,120.27917"
1985,輕軌鼓山區公所站,"22.63701,120.28062"
1986,德昌路(中學路口),"22.88163,120.48206"
1987,鼓山派出所,"22.63469,120.28246"
1988,輕軌文武聖殿站(台電),"22.6302,120.28072"
1989,大公路口(七賢三路),"22.62716,120.28256"
1990,光華路口(四維二路),"22.62168,120.31724"
1991,廣東一街口,"22.62255,120.31969"
1992,天公廟,"22.90949,120.63456"
1993,輕軌衛生局站(凱旋醫院),"22.62403,120.3246"
1994,四維一路,"22.62459,120.32607"
1995,和順街口,"22.65506,120.31666"
1996,捷運凹子底站(大順一路),"22.65608,120.30267"
1997,自強三路口(四維四路),"22.61541,120.29883"
1998,中學路,"22.8825,120.4792"
1999,中華四路口,"22.61652,120.30211"
2000,海洋帝國,"22.61449,120.29208"
2001,一甲(鳳山),"22.60019,120.33852"
2002,協善堂,"22.59409,120.32927"
2003,三光街口,"22.5941,120.32626"
2004,福誠國小,"22.59748,120.32529"
2005,瑞祥高中(忠誠路),"22.60036,120.32394"
2006,民生二路,"22.62439,120.29308"
2007,元亨寺(興隆路),"22.63774,120.27937"
2008,萬壽山橋,"22.63587,120.2792"
2009,弘揚大第,"22.66657,120.31444"
2010,旗亭橋,"22.88321,120.47751"
2011,河堤公園,"22.66462,120.31289"
2012,京城世界,"22.6638,120.31435"
2013,二聖公園,"22.61362,120.31805"
2014,沱江街口,"22.60935,120.31508"
2015,勞工公園(復興三路),"22.60779,120.30769"
2016,博愛路口(漢神巨蛋),"22.67053,120.30233"
2017,澄清路口,"22.63885,120.3432"
2018,鼓山崎嶺,"22.88597,120.4658"
2019,山明路口(華山路),"22.56636,120.3677"
2020,美麗華大廈,"22.56853,120.36581"
2021,小港醫院急診室(子信幼稚園),"22.5682,120.36318"
2022,中鋼大門(台灣造船廠),"22.55508,120.34872"
2023,松華路,"22.5677,120.37302"
2024,宏光街口(宏平幼兒園),"22.57066,120.36392"
2025,水秀路,"22.56472,120.36671"
2026,松福街口,"22.56795,120.3716"
2027,山明里活動中心,"22.5625,120.36697"
2028,鳳陽國小,"22.56074,120.36999"
2029,學明社區,"22.56084,120.37331"
2030,松義街口,"22.56393,120.37372"
2031,高雄餐旅大學,"22.56593,120.37139"
2032,喬覺寺,"22.88857,120.45931"
2033,后安路,"22.57299,120.32188"
2034,明聖街口,"22.58311,120.3434"
2035,福安宮,"22.58375,120.34615"
2036,德仁路口,"22.58461,120.349"
2037,桂林國小(機場咖啡),"22.58333,120.35006"
2038,桂林教會,"22.58336,120.35451"
2039,新昌街口,"22.58481,120.36189"
2040,中安路(勝安街口),"22.58472,120.36443"
2041,明義國中,"22.58122,120.36787"
2042,復華街口,"22.58132,120.36337"
2043,華昌路,"22.58356,120.36278"
2044,臨加南路,"22.5757,120.3193"
2045,鳳頂路,"22.585,120.35798"
2046,桂園路口,"22.58486,120.3552"
2047,臨加北路,"22.57741,120.31847"
2048,旗山分校,"22.8884,120.45731"
2049,臨加西路,"22.57578,120.31872"
2050,漁業署,"22.57171,120.312"
2051,漁業大樓,"22.57191,120.31735"
2052,三角公園,"22.64017,120.28984"
2053,中仁街口,"22.63923,120.29018"
2054,國泰社區,"22.63875,120.28874"
2055,市中一路口,"22.63776,120.28593"
2056,京城花園,"22.59752,120.34525"
2057,鳳甲二街,"22.59649,120.34346"
2058,尚青市場,"22.59679,120.34275"
2059,華興街口,"22.60388,120.33723"
2060,中崙五路,"22.59742,120.35146"
2061,輕軌籬仔內站(一心一路),"22.60569,120.3235"
2062,實踐大學(高雄城區中心),"22.61286,120.2935"
2063,馬頭山,"22.88725,120.44943"
2064,保華路口,"22.59677,120.34695"
2065,中崙二路二,"22.59809,120.35287"
2066,高鐵路口(左營新光三越),"22.68896,120.31158"
2067,重信路,"22.68459,120.30991"
2068,明誠中學(美明路),"22.66537,120.29167"
2069,美明路,"22.66544,120.28939"
2070,裕誠路,"22.65766,120.29409"
2071,龍德路口(神農路),"22.65779,120.29668"
2072,榮華新村,"22.68348,120.3217"
2073,文府路口(高鐵左營站),"22.68554,120.30889"
2074,警廣站(博愛四路),"22.68732,120.3169"
2075,馬頭山頂,"22.88536,120.44288"
2076,文學路口(華夏路),"22.68823,120.31974"
2077,山水社區,"22.68678,120.32215"
2078,陽明圖書分館,"22.64325,120.34219"
2079,陽明路,"22.64524,120.34257"
2080,陽明路口,"22.64663,120.34119"
2081,東光國小,"22.64785,120.33934"
2082,黃興路口,"22.65187,120.33638"
2083,本館路(殯葬管理處),"22.6576,120.33361"
2084,十全國小(察哈爾二街),"22.64798,120.29897"
2085,內門路口,"22.88679,120.43372"
2086,九如一路口,"22.63814,120.34116"
2087,自由三路,"22.67351,120.31163"
2088,重清路口,"22.67001,120.31016"
2089,自由二路,"22.66341,120.30813"
2090,仙公廟,"22.61851,120.35524"
2091,自由一路,"22.65286,120.30849"
2092,輕軌光榮碼頭站,"22.61633,120.29304"
2093,七老爺活動中心,"22.60664,120.34747"
2094,中崙國小,"22.59955,120.35081"
2095,陽明國中,"22.64298,120.33989"
2096,義德路口(義華路),"22.64356,120.33591"
2097,鹿埔分校,"22.88528,120.42527"
2098,民族國中側門,"22.63928,120.33224"
2099,精華公園,"22.64245,120.29955"
2100,熱河二街口,"22.64371,120.29966"
2101,愛河之心,"22.65103,120.30048"
2102,玉皇宮,"22.74934,120.34315"
2103,巨園建設,"22.752,120.34106"
2104,遠東麗市,"22.75245,120.34244"
2105,光華路口(保社里),"22.74586,120.34772"
2106,鹿埔,"22.88857,120.4219"
2107,保舍甲路,"22.74441,120.34866"
2108,新康街口,"22.61716,120.34313"
2109,新強路口,"22.61671,120.33929"
2110,高雄地方法院(健保署),"22.62611,120.29108"
2111,土庫三路(創新路口),"22.74044,120.3269"
2112,土庫二路口,"22.73857,120.32617"
2113,鳳頂路口,"22.59458,120.36233"
2114,民族路(明誠路口),"22.66139,120.31593"
2115,緯六路,"22.69736,120.29024"
2116,汾陽路口,"22.6492,120.33781"
2117,府北路,"22.62885,120.28555"
2118,明鳳十二街口,"22.58596,120.33699"
2119,古亭,"22.89356,120.40358"
2120,仁慈公園,"22.67235,120.35884"
2121,典昌路,"22.73188,120.27046"
2122,美德街口,"22.75864,120.30337"
2123,甲樹路,"22.76192,120.29964"
2124,公路總局南訓中心,"22.76411,120.29927"
2125,五林路口,"22.76266,120.29436"
2126,五林國小,"22.76,120.29397"
2127,文安路東段,"22.79443,120.24026"
2128,文安路,"22.79402,120.23708"
2129,壽齡國小,"22.79514,120.23392"
2130,古亭水庫,"22.89433,120.39971"
2131,舊港路東段,"22.79691,120.23105"
2132,舊港派出所,"22.79939,120.23106"
2133,復興路,"22.80184,120.23404"
2134,保安路口,"22.80799,120.24329"
2135,永華路口,"22.81882,120.22597"
2136,永安區公所,"22.81831,120.22479"
2137,鳥松國小,"22.66263,120.36145"
2138,大智路,"22.65924,120.36122"
2139,鳳林路四段,"22.53801,120.40899"
2140,昭明國小,"22.54076,120.40978"
2141,南勢崎頂,"22.89245,120.39814"
2142,赤崁(大寮),"22.54354,120.41054"
2143,田寮區公所,"22.87111,120.35917"
2144,大群停車場,"22.88623,120.39172"
2145,岡山郵局(民有路),"22.79203,120.29664"
2146,大東路(鳳山龍山寺),"22.62194,120.36102"
2147,和興里,"22.61912,120.35902"
2148,誠義兒童公園,"22.61591,120.36001"
2149,高苑科大,"22.84146,120.26382"
2150,新庄路口(中正路二段),"22.9097,120.2007"
2151,白雲寺,"22.90937,120.18429"
2152,茄萣國小,"22.90363,120.18369"
2153,古亭橋,"22.88712,120.395"
2154,濱海路一段,"22.88441,120.18665"
2155,崎漏農會活動中心,"22.87313,120.19062"
2156,興達港觀光魚市,"22.87106,120.19279"
2157,民族街口,"22.87811,120.23177"
2158,明寧靖王公園,"22.8786,120.23939"
2159,東方設計學院,"22.87966,120.24826"
2160,捷運鳳山西站(自由路),"22.62538,120.34891"
2161,光遠路,"22.62616,120.35856"
2162,香蕉碼頭(棧貳庫),"22.61881,120.27905"
2163,捆牛湖社區站,"22.77708,120.38515"
2164,日月禪寺,"22.8858,120.3904"
2165,甲北里,"22.7431,120.29752"
2166,湖仔內福德祠,"22.77407,120.3698"
2167,瑞進瑞興路口,"22.62583,120.37008"
2168,清淨寺B(忠義路),"22.699,120.39192"
2169,圓照寺,"22.66264,120.38224"
2170,活動中心(鳥松區),"22.66065,120.38087"
2171,夢時代(中華),"22.59559,120.30878"
2172,鳳山工業區(監理所後),"22.61428,120.33253"
2173,大東文化藝術中心,"22.62466,120.3623"
2174,月世界,"22.88361,120.38696"
2175,平成砲台(曹公廟),"22.62763,120.35733"
2176,市立圖書館(大樹分館),"22.69111,120.43077"
2177,北極殿(大樹),"22.69369,120.42614"
2178,和山社區,"22.69733,120.41962"
2179,花鄉,"22.61072,120.36049"
2180,過雄一街,"22.58674,120.35771"
2181,中正路(義發路口),"22.61792,120.38647"
2182,環保科技園區,"22.8063,120.2716"
2183,中三街,"22.72411,120.30265"
2184,大寮地政,"22.59269,120.39954"
2185,高雄男子監獄,"22.59127,120.39791"
2186,前庄,"22.62385,120.39456"
2187,北勢宅,"22.87938,120.38412"
2188,八德路口(仁愛路),"22.63304,120.3959"
2189,朝中宮,"22.63298,120.39468"
2190,八德路口(中庄),"22.63245,120.39579"
2191,瑞隆東路口(五甲一路),"22.60567,120.34625"
2192,海景街(合群社區),"22.69694,120.28767"
2193,緯九路,"22.69528,120.28751"
2194,四海派出所,"22.69322,120.28756"
2195,四海一家,"22.69045,120.28809"
2196,高雄大學(大學南路),"22.73227,120.28551"
2197,大學26街,"22.72978,120.28445"
2198,崇德市場(消防隊),"22.87716,120.3815"
2199,實踐路,"22.69031,120.29003"
2200,國軍岡山醫院,"22.78914,120.2851"
2201,樂安醫院,"22.79218,120.28109"
2202,高鳳路,"22.58938,120.36602"
2203,公園西路,"22.79535,120.2849"
2204,牧人館,"22.79933,120.29073"
2205,大社路,"22.8629,120.26194"
2206,大社國小,"22.86701,120.26549"
2207,一甲派出所,"22.86987,120.26807"
2208,大仁路,"22.87074,120.26978"
2209,崇德國小,"22.87833,120.37965"
2210,福德宮,"22.87177,120.27431"
2211,太平路,"22.86716,120.28804"
2212,下坑里,"22.86796,120.29012"
2213,新生路,"22.87251,120.29121"
2214,竹園里,"22.87461,120.29208"
2215,中路,"22.89365,120.29363"
2216,阿蓮農會(中路分部),"22.89493,120.29507"
2217,鳳儀宮,"22.56365,120.3519"
2218,高師大門口,"22.78175,120.40442"
2219,大業南路口,"22.5322,120.36864"
2220,翠屏岩站(中山路),"22.72979,120.36693"
2221,營盤頂,"22.87868,120.37723"
2222,觀景山林站,"22.7396,120.38171"
2223,義守大學站,"22.72546,120.40722"
2224,義大世界站,"22.72989,120.40723"
2225,清豐三路口(土庫路),"22.73863,120.33083"
2226,東方路2巷口,"22.87626,120.21816"
2227,老爺里,"22.604,120.344"
2228,為隨社區,"22.81757,120.28972"
2229,為隨西路,"22.81458,120.29005"
2230,極限公園,"22.67541,120.33746"
2231,中華橋,"22.7957,120.28931"
2232,佛光山講堂,"22.79387,120.28808"
2233,民族路口(中華路),"22.79221,120.28831"
2234,仁和公園,"22.68101,120.35234"
2235,糖廠(西德社區),"22.87884,120.37411"
2236,天皇別墅,"22.66379,120.37566"
2237,壽峰里,"22.79718,120.2863"
2238,輕軌衛生局站(凱旋二路),"22.62477,120.32369"
2239,永榮一街口,"22.68787,120.3297"
2240,永仁街口,"22.68677,120.3355"
2241,平等路口(九如一路),"22.63995,120.32024"
2242,明建里,"22.69367,120.28976"
2243,軍校路口,"22.69373,120.29188"
2244,筆秀站,"22.76854,120.30497"
2245,竹山,"22.87794,120.36886"
2246,路科八路口,"22.83642,120.25993"
2247,高雄科學園區,"22.82871,120.26018"
2248,旗楠路口,"22.7475,120.34536"
2249,安泰街,"22.74333,120.33904"
2250,立安路,"22.74319,120.33611"
2251,立民路,"22.74135,120.33727"
2252,願景橋,"22.65049,120.28622"
2253,捷運橋頭糖廠站,"22.75092,120.31351"
2254,購物廣場站,"22.72984,120.40289"
2255,新庄路口(嘉新東路),"22.80753,120.30403"
2256,本洲工業區,"22.81247,120.27246"
2257,大學十七街口,"22.73141,120.28057"
2258,幸福公園,"22.50042,120.39499"
2259,田寮教會(市場),"22.87374,120.36037"
2260,大仁北路,"22.66665,120.36175"
2261,關帝廟,"22.69435,120.39348"
2262,安瀾宮,"22.61567,120.2951"
2263,岡山高中,"22.79791,120.29042"
2264,高鳳站,"22.63109,120.33696"
2265,瑞隆東路口(南京路),"22.60604,120.34565"
2266,溪埔國中,"22.71937,120.44367"
2267,和山寺,"22.70569,120.41701"
2268,大樹國小(和山分校),"22.70379,120.41702"
2269,和山路,"22.70154,120.41732"
2270,德民路(右昌森林公園),"22.72189,120.29342"
2271,松禾日照,"22.59022,120.40372"
2272,崗安路,"22.8728,120.35887"
2273,援中國小(大學26街口),"22.72843,120.27905"
2274,翠屏岩站(和平路二段),"22.73015,120.36053"
2275,橋頭國小,"22.76184,120.30479"
2276,龍山寺,"22.83907,120.41589"
2277,中崎,"22.76226,120.32323"
2278,金吉順公司,"22.63806,120.37361"
2279,南山公司,"22.64635,120.38871"
2280,建國新城(鳳松路口),"22.63563,120.36063"
2281,崗山頭溫泉,"22.87407,120.35696"
2282,家畜市場,"22.63271,120.36386"
2283,烏林里,"22.69659,120.3755"
2284,高旗工家,"22.6359,120.36975"
2285,新生環球路口站,"22.87814,120.29224"
2286,鳥松,"22.66166,120.36358"
2287,橋頭區農會,"22.75541,120.30619"
2288,澄觀澄仁路口,"22.68175,120.3447"
2289,僑泰公司,"22.6411,120.37935"
2290,夢裡里,"22.66741,120.36263"
2291,中二街,"22.72357,120.30462"
2292,平安橋,"22.71999,120.43685"
2293,鳳仁新村,"22.63433,120.36675"
2294,崗山頭,"22.87457,120.3559"
2295,鳳西國中,"22.62073,120.35391"
2296,仁忠路口,"22.6758,120.357"
2297,登發國小,"22.67964,120.35468"
2298,慈惠堂,"22.67819,120.34759"
2299,仁美,"22.65548,120.39406"
2300,仁美活動中心,"22.65362,120.39381"
2301,永和街口,"22.56224,120.39027"
2302,力行路,"22.639,120.36705"
2303,北平路口,"22.63855,120.36913"
2304,南崗山,"22.87822,120.35001"
2305,平等路口(光華路),"22.62216,120.35156"
2306,全國加油站,"22.65048,120.39203"
2307,吳記工廠,"22.64276,120.38225"
2308,明山慈安居,"22.68476,120.3643"
2309,磚子窯,"22.8817,120.34194"
2310,樂善宮,"22.78598,120.24325"
2311,光和北路,"22.78397,120.24289"
2312,光和路,"22.78318,120.24343"
2313,中正西路口,"22.78381,120.24565"
2314,德祥路,"22.72871,120.31167"
2315,八卦里滯洪公園,"22.68332,120.32888"
2316,源勝社區,"22.88161,120.33955"
2317,捷運橋頭車站,"22.7606,120.30913"
2318,理想國,"22.77482,120.26879"
2319,光潭路口,"22.77408,120.27676"
2320,寶米路,"22.77821,120.28082"
2321,劉厝路,"22.78081,120.28834"
2322,工業區(阿蓮),"22.88132,120.33727"
2323,登科街,"22.78025,120.29043"
2324,岡山轉運站(岡山火車站),"22.79231,120.29956"
2325,燁聯鋼鐵,"22.83017,120.29838"
2326,過埤派出所,"22.59288,120.3612"
2327,阿蓮中正路(和平路口),"22.8807,120.33294"
2328,阿蓮,"22.87913,120.33116"
2329,永芳里,"22.6153,120.40623"
2330,巷尾,"22.61829,120.40818"
2331,江山社區活動中心,"22.63631,120.41038"
2332,中庄派出所,"22.63499,120.39545"
2333,民族十巷口,"22.63391,120.38426"
2334,阿蓮分駐所,"22.87889,120.32932"
2335,瑞士山莊,"22.85844,120.47198"
2336,上洲里,"22.85604,120.47404"
2337,鯤洲里,"22.85145,120.47368"
2338,大山里,"22.84839,120.47211"
2339,中洲里,"22.84418,120.46957"
2340,南洲里,"22.84172,120.46748"
2341,阿蓮中山路,"22.87742,120.32787"
2342,三清殿,"22.50795,120.37593"
2343,南蓮,"22.87508,120.32685"
2344,文昌宮,"22.51233,120.39207"
2345,聖地殿,"22.50859,120.37831"
2346,鳳林寺,"22.50853,120.38939"
2347,龍潭寺,"22.51122,120.38091"
2348,廣應廟,"22.50658,120.38664"
2349,林家路,"22.51315,120.38327"
2350,頂磘溝,"22.51201,120.38611"
2351,協天宮,"22.49475,120.38918"
2352,半廓天上聖母,"22.48977,120.39013"
2353,董龍宮,"22.50194,120.38081"
2354,光德寺,"22.87126,120.32523"
2355,溼地公園停車場,"22.49126,120.38677"
2356,海洋公園大樓,"22.49982,120.38127"
2357,溼地路口,"22.49415,120.38338"
2358,港龍宮,"22.49832,120.38099"
2359,鄉仁早餐,"22.49704,120.38489"
2360,南六站,"22.78403,120.34425"
2361,海成南街站,"22.77333,120.31627"
2362,中甲路口,"22.86712,120.32384"
2363,觀水宮站,"22.77597,120.32906"
2364,福德宮站,"22.77194,120.31863"
2365,加州大地站,"22.77367,120.32276"
2366,海成活動中心站,"22.77256,120.32046"
2367,大樹下(舊衛生所),"22.8175,120.42416"
2368,旗山區公所,"22.88866,120.48346"
2369,中寮國小,"22.81888,120.42555"
2370,內潭,"22.82333,120.42805"
2371,崑山宮,"22.84555,120.4458"
2372,頂湖,"22.83777,120.4411"
2373,下湖,"22.84167,120.44593"
2374,大遠百百貨(捷運三多商圈站),"22.61352,120.30321"
2375,中湖,"22.83893,120.44436"
2376,神農廟站,"22.96434,120.55608"
2377,月美國小,"22.9582,120.53592"
2378,月美活動中心,"22.95407,120.53388"
2379,桐竹站,"22.95012,120.53259"
2380,宣化堂牌樓,"22.92591,120.5086"
2381,新開站,"22.94643,120.53259"
2382,福安庄宣化堂,"22.92352,120.50964"
2383,下寮站,"22.94035,120.5303"
2384,阪鏟站,"22.94628,120.52991"
2385,九鬮,"22.85069,120.32492"
2386,天原宮,"23.10048,120.59042"
2387,甲仙龍鳳寺,"23.08549,120.60073"
2388,真武堂,"23.07076,120.60376"
2389,仙林巷土地公廟,"23.05755,120.56021"
2390,法泉寺,"23.07468,120.59495"
2391,牛百葉,"23.06658,120.55478"
2392,南德府,"23.07632,120.59306"
2393,寶隆活動中心,"23.04946,120.5584"
2394,清隱寺,"23.06382,120.59203"
2395,元宋太祖宮,"23.05102,120.56329"
2396,復安國小,"22.84886,120.32439"
2397,滴水土地公廟,"23.06401,120.59068"
2398,王母宮,"23.06425,120.58392"
2399,大埤頭土地公廟,"22.92454,120.57555"
2400,廣興國小,"22.91705,120.56773"
2401,興隆橋,"22.91598,120.56543"
2402,美濃農會,"22.90225,120.54134"
2403,永盛興商店,"22.84273,120.54297"
2404,瓦窯,"22.84615,120.32351"
2405,水德潭土地公,"22.84476,120.54118"
2406,吉豐,"22.8431,120.53414"
2407,和興莊,"22.85753,120.51968"
2408,中正路三段824號,"22.84273,120.5322"
2409,下九寮,"22.85227,120.52541"
2410,外六寮,"22.83886,120.53316"
2411,四維,"22.84752,120.52671"
2412,精工社區,"22.83254,120.5404"
2413,慈福宮,"22.84958,120.5226"
2414,田厝,"22.83732,120.31779"
2415,外六寮40號,"22.8365,120.53276"
2416,忠孝路,"22.84099,120.5174"
2417,茄苳子,"22.93187,120.42848"
2418,山南宮,"22.91522,120.41843"
2419,內門衛生所,"22.92433,120.45361"
2420,九龍宮,"22.91719,120.42716"
2421,西門國小,"22.91954,120.43102"
2422,多納里辦公處,"22.91023,120.71541"
2423,旗美高中,"22.8839,120.49448"
2424,茂林風景區,"22.88094,120.65012"
2425,嘉峰,"22.82985,120.31374"
2426,萬山停車場(萬山下部落),"22.90828,120.6809"
2427,情人谷,"22.88215,120.66479"
2428,萬山派出所,"22.90954,120.68047"
2429,茂林消防分隊,"22.89383,120.67051"
2430,屏東客運,"22.66976,120.48505"
2431,寶建醫院,"22.68138,120.48447"
2432,屏東署立醫院,"22.67281,120.49577"
2433,基督教醫院,"22.67303,120.49508"
2434,屏東里港客運,"22.77472,120.49423"
2435,高樹大新醫院,"22.8238,120.59959"
2436,潭底,"22.82591,120.30991"
2437,屏東高樹客運,"22.82728,120.6003"
2438,瑪星哈蘭 大光教會,"23.27957,120.71962"
2439,達卡努瓦里 西那的店,"23.26885,120.72005"
2440,達卡努瓦里 世文商店,"23.27151,120.71928"
2441,達卡努瓦里 皆得藥局,"23.26963,120.71783"
2442,達卡努瓦里 吉巴谷,"23.26079,120.70251"
2443,瑪雅里 民權宮,"23.25586,120.69247"
2444,嘉興國小,"22.822,120.30554"
2445,瑪雅里 民權大橋,"23.24581,120.69507"
2446,南沙魯里 北家扶中心,"23.21884,120.69336"
2447,瑪雅里 二姊茶鋪,"23.23782,120.69769"
2448,瑪雅里 泥巴莊,"23.23134,120.69418"
2449,瑪雅里區衛生所,"23.24686,120.70255"
2450,下青山 福德宮,"23.26704,120.68429"
2451,上青山 青山教會,"23.26734,120.69454"
2452,那瑪夏國中,"23.23998,120.69727"
2453,五甲尾,"22.82134,120.30318"
2454,建山國小,"23.10535,120.68245"
2455,建山里十字路口,"23.10731,120.68391"
2456,復興活動中心,"23.2173,120.80458"
2457,樂樂布農部落,"23.11151,120.71169"
2458,瓦阿系吊橋,"23.21679,120.80374"
2459,高中里草水長老會廣場,"23.1226,120.70847"
2460,美蘭部落,"23.13237,120.72073"
2461,四社部落,"23.16632,120.76767"
2462,藤枝部落,"23.05455,120.72095"
2463,寶山里派出所,"23.03651,120.70905"
2464,花果山,"23.00834,120.6798"
2465,六龜加油站,"22.99134,120.6361"
2466,天后宮廟,"22.9945,120.64338"
2467,中興里永久屋,"22.98913,120.6493"
2468,南嘉興,"22.8191,120.30244"
2469,六龜區公所,"22.99809,120.63322"
2470,慈濟資源回收站,"22.93631,120.49261"
2471,溝坪衛生室,"22.99107,120.50146"
2472,明山果集貨場,"22.98025,120.4933"
2473,竹峯宮,"23.01329,120.5236"
2474,頭社站牌,"22.99927,120.50268"
2475,華山24號,"23.01143,120.48954"
2476,華園29-2號,"23.0001,120.49741"
2477,水冬瓜(山上),"23.05198,120.66372"
2478,三合溪,"22.95576,120.64959"
2479,尾庄,"22.95974,120.65098"
2480,扇平山莊,"22.97079,120.65182"
2481,五甲尾加油站,"22.81287,120.30081"
2482,天后宮,"22.9945,120.64338"
2483,扇平林道前,"22.97498,120.65185"
2484,龍興國小,"22.99412,120.64535"
2485,尾庄(山下),"22.98423,120.65206"
2486,瑪星哈蘭-大光教會,"23.27957,120.71962"
2487,大愛C區停車場,"22.96297,120.53962"
2488,達卡努瓦里-西那的店,"23.26885,120.72005"
2489,達卡努瓦里-世文商店,"23.27146,120.71922"
2490,南沙魯里-北家扶中心,"23.21877,120.69347"
2491,達卡努瓦里-皆得藥局,"23.26969,120.71777"
2492,瑪雅里-泥巴莊,"23.23134,120.69418"
2493,達卡努瓦里-吉巴谷,"23.26079,120.70251"
2494,瑪雅里-二姊茶鋪,"23.23778,120.69783"
2495,瑪雅里-民權宮,"23.25593,120.69241"
2496,瑪雅里-民權大橋,"23.24584,120.69521"
2497,田草寮崑山宮,"22.84546,120.44595"
2498,台上,"22.80803,120.29871"
2499,烏山,"22.83441,120.42989"
2500,牛寮普唵宮,"22.84685,120.41302"
2501,秀峰寺,"22.83846,120.40591"
2502,興東路2號,"22.83482,120.41134"
2503,行仁路,"22.62586,120.34333"
2504,正順廟口,"22.87949,120.19051"
2505,大智路口,"22.87003,120.19823"
2506,崎漏茄萣農會,"22.87385,120.1911"
2507,成功路,"22.80144,120.29547"
2508,海埔海山活動中心站,"22.89547,120.22375"
2509,三興宮站,"22.89894,120.22298"
2510,興隆路口西羅殿,"22.60694,120.40703"
2511,內坑路(鎮潭路口),"22.58913,120.38126"
2512,內坑路女監獄,"22.58905,120.37244"
2513,三隆283巷口,"22.60242,120.40759"
2514,內坑仁德路口(內坑.仁德路口檳榔攤旁邊),"22.59028,120.39007"
2515,上寮路口慈誠宮,"22.59723,120.42364"
2516,上寮路154號,"22.6,120.42417"
2517,水寮公園,"22.65841,120.41543"
2518,岡山區公所,"22.79864,120.29514"
2519,金山國小,"22.81136,120.39812"
2520,東燕活動中心,"22.79534,120.36945"
2521,金山道院,"22.80618,120.39086"
2522,北極殿,"22.7957,120.37556"
2523,車林巷口,"22.79878,120.3799"
2524,神農宮,"22.80665,120.34325"
2525,龍安宮(紅山巷),"22.81637,120.35753"
2526,尖山巷,"22.81158,120.36653"
2527,朝天宮,"22.81156,120.35931"
2528,三山宮,"22.81583,120.35674"
2529,輕軌旅運中心站,"22.6118,120.29327"
2530,草地仔,"22.80713,120.38426"
2531,南勝宮,"22.81696,120.36526"
2532,水沯路口,"22.80869,120.37334"
2533,法主宮,"22.80889,120.38506"
2534,清豐路口(楠梓路),"22.73808,120.324"
2535,臺鐵三塊厝站(中華路),"22.63782,120.29264"
2536,小城社區,"22.84909,120.27527"
2537,路竹火車站,"22.85405,120.26605"
2538,林園工業區,"22.49945,120.40601"
2539,內湖登山步道入口,"22.95542,120.46931"
2540,國泰市場,"22.65007,120.27905"
2541,極光精舍(東),"22.59324,120.40865"
2542,鹽田路(通德巷口),"22.74696,120.28057"
2543,頂鹽社區時鐘臺,"22.748,120.27715"
2544,頂鹽天月宮,"22.74639,120.27675"
2545,文武城隍廟,"22.64086,120.27869"
2546,7-11便利商店(鼓山門市),"22.63667,120.28089"
2547,高雄大義宮,"22.63397,120.28172"
2548,豐茂商行,"22.63044,120.27953"
2549,橋頭國中站,"22.75886,120.30711"
2550,臨海一路133巷口,"22.62897,120.27991"
2551,男生宿舍-翠亨,"22.62769,120.26764"
2552,東校區,"22.75872,120.33645"
2553,楠梓國小,"22.73287,120.32786"
2554,高大第一綜合學院,"22.73001,120.2783"
2555,五塊厝,"22.50318,120.40205"
2556,深水派出所,"22.77238,120.38998"
2557,榮源雜貨店,"22.84964,120.3914"
2558,聯聖宮,"22.85873,120.38036"
2559,阿蓮區分駐所,"22.87901,120.32925"
2560,義民爺主廟,"22.87967,120.37521"
2561,進天宮,"22.87635,120.38184"
2562,三合社區活動中心,"22.87544,120.39322"
2563,清安宮,"22.88351,120.42238"
2564,嘉興國中,"22.82284,120.30923"
2565,七星里辦公處,"22.83084,120.40549"
2566,田寮分隊,"22.82487,120.40562"
2567,石頭廟(僅假日停靠),"22.83559,120.38657"
2568,龍鳳寺,"22.83416,120.37029"
2569,茄萣區公所,"22.90629,120.18379"
2570,台鐵鼓山站,"22.64154,120.28049"
2571,中山大學海工館,"22.62931,120.26211"
2572,中山大學海科院,"22.63019,120.26192"
2573,中山大學文學院,"22.63394,120.26111"
2574,高雄市消防局鼓山分隊,"22.62336,120.27564"
2575,響昭寺,"22.82365,120.31448"
2576,消防局,"22.59285,120.3077"
2577,鳳仁路口,"22.70114,120.34589"
2578,經武路口,"22.7424,120.31541"
2579,橋新七路(新東一街),"22.73928,120.31607"
2580,橋新一路(橋新七路),"22.73751,120.31608"
2581,都會公園(北門),"22.73652,120.3104"
2582,橋新二路(橋新九路),"22.73739,120.30728"
2583,華崗里,"22.82445,120.32167"
2584,六龜大橋(福龜園區),"22.99547,120.63799"
2585,六龜區公所(衛生所),"22.99751,120.63409"
2586,甲南里,"22.86966,120.28028"
2587,義享天地,"22.65443,120.30628"
2588,耶穌聖民堂,"22.64895,120.34493"
2589,菜公路,"22.67647,120.31705"
2590,孟子路,"22.67295,120.31486"
2591,文守路,"22.67142,120.31583"
2592,大埔(岡山),"22.82473,120.32343"
2593,勤和村,"23.17038,120.7749"
2594,桃源區公所,"23.15892,120.76382"
2595,高中二里,"23.13418,120.72291"
2596,問路檳榔,"22.99833,120.64351"
2597,美濃客運站,"22.90172,120.54151"
2598,榮成紙業,"22.82567,120.26658"
2599,C32凱旋公園站,"22.62962,120.32287"
2600,C33衛生局站,"22.62519,120.32359"
2601,C34五權國小站,"22.62117,120.32515"
2602,C35凱旋武昌站,"22.61695,120.32678"
2603,C36凱旋二聖站,"22.61254,120.32718"
2604,C37輕軌機廠站,"22.60848,120.32603"
2605,C01籬仔內站,"22.6046,120.32459"
2606,C02凱旋瑞田站,"22.59951,120.31974"
2607,C03前鎮之星站,"22.5955,120.31528"
2608,中崙寮,"22.82598,120.33275"
2609,C04凱旋中華站,"22.59365,120.31046"
2610,C05夢時代站,"22.59484,120.30501"
2611,C06經貿園區站,"22.60094,120.30263"
2612,C07軟體園區,"22.60567,120.30081"
2613,C08高雄展覽館,"22.61011,120.298"
2614,C09旅運中心,"22.61162,120.29339"
2615,C10光榮碼頭,"22.61682,120.2931"
2616,C11真愛碼頭,"22.61925,120.28942"
2617,C12駁二大義站,"22.61856,120.28416"
2618,C13駁二蓬萊站,"22.62049,120.27988"
2619,C14哈瑪星站,"22.62165,120.27586"
2620,C15壽山公園站,"22.62654,120.27868"
2621,C16文武聖殿站,"22.62956,120.28072"
2622,C17鼓山區公所站,"22.63618,120.28252"
2623,山隙,"22.82895,120.34137"
2624,小木屋,"23.009,120.56856"
2625,灰窯(田寮),"22.83219,120.34894"
2626,甲仙轉運站,"23.08271,120.58787"
2627,旗山醫院(中學路),"22.88111,120.48291"
2628,龍肚國中,"22.87862,120.56965"
2629,瑪星哈蘭 那瑪夏區公所,"23.27667,120.72055"
2630,永齡農場,"22.97602,120.54794"
2631,旗山溪洲醫院,"22.89281,120.48325"
2632,建國站,"22.63789,120.30028"
2633,高雄車站(站西路),"22.63924,120.30208"
2634,台銀仁武分行,"22.68228,120.33979"
2635,崗山路口,"22.84066,120.35382"
2636,大樹區果菜市場,"22.72988,120.44548"
2637,輕軌凱旋二聖站(二聖路),"22.61202,120.3277"
2638,建軍站,"22.62487,120.34307"
2639,台鐵正義站(澄清路),"22.63425,120.34451"
2640,台鐵鳳山站,"22.63143,120.35759"
2641,紅毛山,"23.01886,120.54851"
2642,海邊青年路口(輕軌光榮碼頭站),"22.61804,120.29363"
2643,一甲觀音亭,"22.87389,120.27036"
2644,市立醫院(崇明路),"22.96934,120.22556"
2645,秋菊園,"22.84029,120.35581"
2646,市立醫院,"22.96885,120.22572"
2647,杉林派出所,"22.97455,120.54178"
2648,甲仙區公所(衛生所),"23.08393,120.58824"
2649,六龜衛生所,"22.99737,120.63409"
2650,南路竹(高客),"22.85532,120.26119"
2651,市立鳳山醫院,"22.62974,120.36279"
2652,永和一街口,"22.69451,120.33146"
2653,武當山,"22.88006,120.31287"
2654,崙頂加水站,"22.87833,120.31309"
2655,轉角公園,"22.87379,120.31583"
2656,中甲廟,"22.86572,120.318"
2657,營盤代天府,"22.86028,120.32851"
2658,崗后宮,"22.8591,120.3316"
2659,鉅芳超商,"22.84202,120.33336"
2660,滿祥電池,"22.84642,120.32372"
2661,來旺超商,"22.85485,120.33303"
2662,部洋廟,"22.84008,120.35844"
2663,五米路榕樹下,"22.89237,120.3186"
2664,頂厝磚仔窯,"22.89123,120.3236"
2665,天朝后宮,"22.88571,120.34743"
2666,部洋,"22.83919,120.36134"
2667,瑪星哈蘭-那瑪夏區公所,"23.27662,120.72062"
2668,和發上發六路口,"22.59482,120.42847"
2669,上發八路,"22.59783,120.43354"
2670,那瑪夏區公所,"23.27662,120.72063"
2671,臺鐵內惟站(中華一路),"22.66814,120.28746"
2672,C18鼓山站,"22.64198,120.28105"
2673,C19馬卡道站,"22.64701,120.28141"
2674,C20臺鐵美術館站,"22.65207,120.28167"
2675,田洋,"22.83603,120.36636"
2676,牛稠埔(田寮),"22.83564,120.36924"
2677,田寮入口,"22.83244,120.38965"
2678,牛路灣,"22.82863,120.39103"
2679,下尾仔,"22.82484,120.40059"
2680,埤子尾(七星路),"22.82393,120.40646"
2681,水蛙潭,"22.82968,120.40725"
2682,祖師田,"22.83241,120.40571"
2683,德榮街口,"22.68589,120.33109"
2684,田寮,"22.83806,120.40627"
2685,高雄工職,"22.65081,120.32607"
2686,岡山國中(大德二路),"22.78955,120.30325"
2687,程庄,"22.79119,120.30856"
2688,聖帝堂,"22.79013,120.31225"
2689,變電所(安招),"22.78914,120.32702"
2690,木業公司(安招),"22.78922,120.331"
2691,安正路口,"22.79131,120.34344"
2692,塑膠公司,"22.79162,120.34544"
2693,岡山新厝,"22.79264,120.35194"
2694,仁光路口,"22.68441,120.35053"
2695,水庫入口,"22.7928,120.35644"
2696,工兵學校,"22.79321,120.35948"
2697,燕巢衛生所,"22.79324,120.36112"
2698,燕巢市場,"22.79066,120.36285"
2699,湖子內路口,"22.77887,120.36108"
2700,角宿,"22.77069,120.35971"
2701,加宏路口,"22.71543,120.29306"
2702,捷運世運站(世運大道),"22.70102,120.30181"
2703,義大醫院,"22.76486,120.36398"
2704,世運主場館,"22.70098,120.29819"
2705,仁德街口(中華路),"22.70003,120.35121"
2706,曹公路,"22.62838,120.35722"
2707,北門,"22.63344,120.36147"
2708,建國路口(鳳松路),"22.63607,120.36236"
2709,園藝試驗所,"22.6396,120.36337"
2710,牛稠埔(鳳山),"22.64472,120.3649"
2711,三叢竹,"22.6496,120.36546"
2712,澄清湖路口,"22.65861,120.36441"
2713,長庚醫院,"22.65082,120.35702"
2714,正修科大(澄清湖),"22.65152,120.34873"
2715,八德二路,"22.70084,120.3251"
2716,大華里(本館路),"22.64785,120.3465"
2717,文明巷,"22.65373,120.33842"
2718,大豐一路口,"22.65348,120.33181"
2719,鼎金國中,"22.65469,120.3197"
2720,三民高中(金山路),"22.66288,120.32604"
2721,鼎強街口(星展銀行),"22.66738,120.32093"
2722,文藻外語大學(鼎中路),"22.67098,120.32079"
2723,獅湖國小(鼎中路),"22.67351,120.32162"
2724,榮總,"22.6775,120.32211"
2725,外埔(楠梓),"22.73138,120.33715"
2726,新莊高中(大中二路),"22.679,120.31697"
2727,新民國小,"22.67642,120.3127"
2728,新莊國小,"22.66912,120.30797"
2729,新庄仔,"22.66981,120.30541"
2730,華夏路口(新莊一路),"22.67222,120.29884"
2731,公訓中心,"22.67714,120.30004"
2732,蓮潭會館,"22.67829,120.29959"
2733,物產館蓮潭站,"22.6784,120.29581"
2734,蓮池潭(勝利路),"22.67982,120.29205"
2735,左營農會,"22.6821,120.28828"
2736,店仔頂路口,"22.68436,120.28937"
2737,中路里,"22.88922,120.29296"
2738,左營大路,"22.68628,120.29116"
2739,豐穀宮(進學路口),"22.69049,120.2964"
2740,菜公路口(左營大路),"22.69197,120.2981"
2741,海功路(進學路口),"22.69375,120.29492"
2742,國軍左營醫院,"22.70212,120.29253"
2743,莒光新村(軍校路),"22.70625,120.29289"
2744,北右昌(右昌街),"22.71433,120.28947"
2745,興昌里,"22.71713,120.28713"
2746,五福社區,"22.71897,120.28406"
2747,援中港,"22.72265,120.27781"
2748,中路國小,"22.89441,120.29944"
2749,高雄大學(德中路),"22.72774,120.27396"
2750,草橋,"22.73122,120.27124"
2751,東寶公司,"22.73458,120.26815"
2752,大舍南路(典寶橋),"22.73902,120.26461"
2753,亞熱帶,"22.7431,120.26301"
2754,大舍甲,"22.74843,120.26314"
2755,同安,"22.7519,120.26578"
2756,南梓官,"22.7575,120.2675"
2757,梓官,"22.75996,120.26711"
2758,建軍站(捷運衛武營站),"22.62491,120.34323"
2759,信義路,"22.76228,120.26255"
2760,分歧站,"22.77095,120.25766"
2761,二高,"22.7741,120.25449"
2762,彌陀國中(中正南路),"22.77744,120.25093"
2763,彌陀區公所,"22.78043,120.24928"
2764,彌陀國小,"22.78417,120.24804"
2765,國軍左營醫院(世運大道路口),"22.70108,120.29239"
2766,鼎強街口,"22.6672,120.32093"
2767,光復路,"22.62901,120.35905"
2768,花旗山莊,"22.87302,120.47429"
2769,建楠路,"22.72689,120.32864"
2770,旗南一路,"22.8697,120.47301"
2771,和昌,"22.86443,120.4706"
2772,武鹿,"22.86103,120.46869"
2773,衛光里,"22.85686,120.46865"
2774,溪洲國小,"22.84736,120.46564"
2775,溪洲,"22.84359,120.46445"
2776,7-11溪洲門市,"22.83977,120.46327"
2777,公園仔,"22.83774,120.46268"
2778,大洲國中,"22.83579,120.46242"
2779,永記公司,"22.53077,120.3706"
2780,新光里,"22.83232,120.46262"
2781,大竹圍,"22.82816,120.46247"
2782,尚和,"22.81477,120.46164"
2783,叢仔坑,"22.80942,120.46156"
2784,南勝湖,"22.79995,120.45907"
2785,德勝巷,"22.79696,120.45807"
2786,砂石場,"22.7903,120.45612"
2787,嶺口,"22.77373,120.44928"
2788,文化院,"22.77332,120.44604"
2789,嶺口營房,"22.77346,120.44405"
2790,大學西路口(第一綜合大樓),"22.72996,120.27833"
2791,燕巢國中(榮民之家),"22.78604,120.36236"
2792,南光-旗楠,"22.77319,120.44061"
2793,樹樺農場,"22.77386,120.43539"
2794,五腳松,"22.77428,120.43169"
2795,馬場,"22.78052,120.42576"
2796,天主堂,"22.78075,120.42284"
2797,敬老院,"22.78095,120.41858"
2798,烏山巷,"22.78155,120.41222"
2799,奧深水,"22.78176,120.40913"
2800,南勢巷,"22.77882,120.40749"
2801,深水國小,"22.77725,120.40585"
2802,歷史博物館(大公路),"22.62648,120.28503"
2803,石格,"22.77369,120.40462"
2804,竹崎(高雄科大.燕巢),"22.77239,120.4012"
2805,清照寺,"22.77273,120.39272"
2806,深水,"22.77226,120.39005"
2807,塔仔腳,"22.77089,120.38512"
2808,橫山國小,"22.76784,120.37956"
2809,橫山路口,"22.76606,120.37705"
2810,樹德科技大學(橫山路),"22.76527,120.37578"
2811,高雄看守所,"22.76135,120.36909"
2812,角宿路口,"22.7611,120.36001"
2813,文賢市場,"22.79405,120.29586"
2814,北鳳雄,"22.75566,120.35748"
2815,鳳山厝,"22.75347,120.3551"
2816,鳳山厝農場,"22.75054,120.35087"
2817,萬金松,"22.74746,120.34606"
2818,北國麗景,"22.74156,120.33835"
2819,土庫(楠梓),"22.73915,120.33598"
2820,楠梓運動園區(土庫路),"22.73565,120.33309"
2821,楠梓派出所(楠梓路),"22.73066,120.32859"
2822,楠梓農會,"22.72873,120.32947"
2823,楠梓站,"22.72655,120.32497"
2824,台灣銀行(健保署),"22.62731,120.29"
2825,稔田里,"22.71258,120.32566"
2826,中華社區,"22.70909,120.32487"
2827,半屏山(高楠路),"22.70106,120.32346"
2828,台灣時報,"22.69787,120.32284"
2829,高楠里,"22.69225,120.32175"
2830,福檳新村,"22.68633,120.32059"
2831,新莊高中(民族一路),"22.6807,120.31951"
2832,菜公路口(民族一路),"22.67509,120.31843"
2833,文藻外語大學(民族一路),"22.67069,120.31755"
2834,民族大順路口,"22.65724,120.31565"
2835,瑞源路口,"22.62973,120.29716"
2836,隆峰寺,"22.6529,120.31525"
2837,高雄車站(建國路),"22.63781,120.30095"
2838,自立十全路口,"22.6447,120.29641"
2839,旗津海水浴場,"22.61022,120.26811"
2840,糖部,"22.89532,120.62554"
2841,長興路口,"22.87932,120.60944"
2842,橫山尾(美濃),"22.88011,120.56311"
2843,高美醫專,"22.88879,120.5511"
2844,成功路(美濃),"22.89375,120.54753"
2845,美濃國中,"22.89556,120.54404"
2846,岡山農會,"22.79553,120.29572"
2847,樟山里,"23.25342,120.82014"
2848,梅山里,"23.27339,120.82565"
2849,雷音寺,"22.89861,120.52336"
2850,舊茶亭,"22.89383,120.51398"
2851,義民廟,"22.88618,120.49876"
2852,福德祠,"22.63235,120.3978"
2853,秋涼山,"22.87951,120.47673"
2854,頭林巷口,"22.87661,120.47528"
2855,清水寺(溪洲),"22.85061,120.46681"
2856,監工站,"23.16222,120.77366"
2857,復興里,"23.2193,120.80389"
2858,梅蘭里,"23.24037,120.81258"
2859,春雨公司,"22.80954,120.29253"
2860,察哈爾二街(捷運後驛站),"22.64777,120.30158"
2861,中崙二路一,"22.60025,120.35296"
2862,成功國小,"22.61386,120.29764"
2863,北汕二路,"22.48272,120.40662"
2864,北汕里,"22.48327,120.4099"
2865,捷運西子灣站(輕軌哈瑪星站),"22.62152,120.27517"
2866,合和里,"22.89723,120.54237"
2867,方厝,"22.63229,120.4004"
2868,遼寧街口(自立路),"22.64209,120.29614"
2869,先勝路口,"22.68132,120.28149"
2870,紹興街,"22.56489,120.35479"
2871,仁愛三街口,"22.61601,120.31055"
2872,四維永泰路口,"22.61437,120.2959"
2873,新堀江,"22.62368,120.30297"
2874,名湖社區,"22.68667,120.35278"
2875,大連街,"22.64195,120.30499"
2876,介壽路(左營海軍軍區),"22.68103,120.28568"
2877,漁人碼頭(公園路口),"22.62311,120.28036"
2878,前鎮站,"22.59141,120.30558"
2879,德民路口(三山街),"22.71646,120.28282"
2880,過埤國小,"22.59134,120.36276"
2881,過埤路口,"22.58898,120.36279"
2882,前鎮高中,"22.58696,120.32022"
2883,頂庄路,"22.58832,120.36147"
2884,永豐崗山南街口,"22.60341,120.3343"
2885,翡翠晶鑽,"22.58836,120.3602"
2886,7-11鳳頂門市,"22.59291,120.35849"
2887,過埤公園,"22.59319,120.35568"
2888,保仁街口,"22.59467,120.35099"
2889,保南二路,"22.59521,120.34985"
2890,中崙四路,"22.59947,120.35255"
2891,中正預校(誠愛一街口),"22.60735,120.35915"
2892,陽明國小,"22.64417,120.33531"
2893,新富路口,"22.612,120.34151"
2894,六隧,"22.9513,120.64189"
2895,復興保安路口,"22.8044,120.24284"
2896,天闊溫泉,"23.06193,120.68058"
2897,打鐵店,"22.62999,120.40556"
2898,風車公園,"22.58984,120.28465"
